-4.525494079589843750e+02,1.484143066406250000e+03,1.027810668945312500e+02,2.579016601562500000e+03,7.996474456787109375e+01,1.366000122070312500e+03,5.814555740356445312e+01,3.746968688964843750e+02,3.688276290893554688e+01,2.071743316650390625e+02,2.060900878906250000e+01,1.365154418945312500e+02,1.601844596862792969e+01,5.761394882202148438e+01,1.398443126678466797e+01,4.625862121582031250e+01,4.965489864349365234e+00,3.518403244018554688e+01,-4.338231086730957031e+00,6.367684555053710938e+01,-8.663151741027832031e+00,1.964978485107421875e+02,-1.169839096069335938e+01,2.194501342773437500e+02,-1.085542774200439453e+01,8.232717132568359375e+01,1.318266677856445312e+01,1.090634441375732422e+01,1.729948616027832031e+01,1.987264823913574219e+01,1.258442687988281250e+01,1.333233928680419922e+01,5.789955615997314453e+00,6.110282421112060547e+00,1.164548993110656738e+00,2.736739397048950195e+00,-8.285281807184219360e-02,1.240503907203674316e+00,-4.347027242183685303e-01,1.429284811019897461e-01,-6.732268929481506348e-01,1.276842206716537476e-01,-4.505684673786163330e-01,7.211707234382629395e-01,-1.359957695007324219e+00,1.430713534355163574e+00,-3.686727523803710938e+00,1.721269965171813965e+00,-4.639039039611816406e+00,1.116360068321228027e+00,-3.187073707580566406e+00,3.766808211803436279e-01,-1.617944717407226562e+00,1.810199165344238281e+01,-2.268341302871704102e+00,3.097570037841796875e+01,-2.007583618164062500e+00,1.441060352325439453e+01,-1.500387787818908691e+00,2.193246126174926758e+00,-1.124770283699035645e+00,1.601417541503906250e+00,-8.118324279785156250e-01,1.304493427276611328e+00,-2.680199742317199707e-01,7.718307375907897949e-01,2.766954302787780762e-01,5.690328478813171387e-01,5.773110389709472656e-01,3.897925913333892822e-01,7.686380743980407715e-01,9.445452690124511719e-01,7.899852395057678223e-01,2.975545883178710938e+00,5.006770491600036621e-01,3.146902322769165039e+00,1.848029643297195435e-01,1.002040028572082520e+00,4.375490546226501465e-02,2.257999585708603263e-04
-3.508874206542968750e+02,2.162227783203125000e+03,1.181180877685546875e+02,2.528727050781250000e+03,7.662973785400390625e+01,6.086749877929687500e+02,3.813780975341796875e+01,3.519483032226562500e+02,1.232193946838378906e+01,4.567551269531250000e+02,6.749816894531250000e+00,2.195516357421875000e+02,1.118230628967285156e+01,6.130274581909179688e+01,7.631330013275146484e+00,1.698861312866210938e+01,-5.798629760742187500e+00,1.048874053955078125e+02,-1.939743423461914062e+01,3.543341674804687500e+02,-2.222487449645996094e+01,2.577234497070312500e+02,-1.470139026641845703e+01,9.345833587646484375e+01,-3.191362142562866211e+00,1.160716552734375000e+02,-6.613976955413818359e+00,1.537325592041015625e+02,-8.162394523620605469e+00,1.746033020019531250e+02,-6.090734004974365234e+00,1.991220474243164062e+01,-4.235263347625732422e+00,8.741540908813476562e+00,-2.413022518157958984e+00,3.835936355590820312e+01,-1.413561582565307617e+00,2.178212356567382812e+01,-9.395843744277954102e-01,3.133686542510986328e+00,-9.637820534408092499e-03,7.046974897384643555e-01,1.168410778045654297e+00,7.286459922790527344e+00,2.021444797515869141e+00,2.516854667663574219e+01,2.067408323287963867e+00,2.145112228393554688e+01,1.632350683212280273e+00,4.375168800354003906e+00,1.186868906021118164e+00,1.824465513229370117e+00,-2.330114126205444336e+00,3.711990356445312500e+01,-2.441416978836059570e+00,4.000066757202148438e+01,-9.378353953361511230e-01,3.967666625976562500e+00,2.530176937580108643e-01,6.566309928894042969e+00,1.041795492172241211e+00,1.245043754577636719e+01,9.628993868827819824e-01,4.297531604766845703e+00,4.037512838840484619e-01,8.606022596359252930e-01,2.526014745235443115e-01,3.138361871242523193e-01,5.682935714721679688e-01,1.721607446670532227e+00,9.447296857833862305e-01,7.093451499938964844e+00,9.096538424491882324e-01,4.468092918395996094e+00,5.427602529525756836e-01,8.753114938735961914e-01,9.301816672086715698e-02,2.799266338348388672e+00,5.381993576884269714e-02,7.106731645762920380e-04
-3.663355712890625000e+02,2.604851074218750000e+03,2.609726142883300781e+01,4.627133300781250000e+03,5.438804244995117188e+01,1.205903930664062500e+03,5.285206604003906250e+01,1.207787841796875000e+03,2.100092315673828125e+01,1.418008300781250000e+03,3.201784515380859375e+01,4.544821166992187500e+02,1.432603836059570312e+01,1.036882934570312500e+02,-2.241079092025756836e+00,4.852083969116210938e+01,1.181330561637878418e+00,2.040933685302734375e+02,-5.338124275207519531e+00,2.337878417968750000e+02,-1.494009208679199219e+01,1.311193542480468750e+02,-3.789065837860107422e+00,3.316668701171875000e+02,-1.477442932128906250e+01,2.018044433593750000e+02,1.299483871459960938e+01,2.500355529785156250e+01,-8.153227806091308594e+00,3.775916442871093750e+02,6.263992786407470703e+00,4.960580062866210938e+01,6.287515640258789062e+00,4.835497665405273438e+01,-3.531984329223632812e+00,1.248441314697265625e+02,5.263267040252685547e+00,4.716794490814208984e+00,1.677053689956665039e+00,2.135244131088256836e+00,-1.483322858810424805e+00,1.314828395843505859e+00,2.051740884780883789e+00,1.003814411163330078e+01,1.254607319831848145e+00,1.524534130096435547e+01,-2.141520500183105469e+00,3.430427551269531250e+00,2.494555473327636719e+00,2.405779457092285156e+01,-7.046687006950378418e-01,1.426153564453125000e+01,-4.235531687736511230e-01,1.933081817626953125e+01,-4.282912731170654297e+00,1.173496398925781250e+02,-1.514767050743103027e+00,1.844926071166992188e+01,-1.478917598724365234e+00,1.994479560852050781e+01,-2.437631368637084961e+00,3.911489105224609375e+01,-3.645671606063842773e-01,2.604685306549072266e+00,-4.519726336002349854e-01,6.172086000442504883e-01,-2.592652142047882080e-01,5.704361796379089355e-01,5.359748601913452148e-01,4.537402629852294922e+00,7.255083322525024414e-01,6.434122562408447266e+00,3.301845490932464600e-01,1.906344890594482422e+00,9.875072836875915527e-01,8.352998733520507812e+00,6.988702416419982910e-01,6.128844261169433594e+00,4.709947481751441956e-02,7.318440475501120090e-04
-3.330015258789062500e+02,4.918738098144531250e+02,8.047221183776855469e+00,5.232353027343750000e+03,7.496691131591796875e+01,3.121901245117187500e+02,9.339228057861328125e+01,1.190310745239257812e+02,9.734585762023925781e+00,1.480798828125000000e+03,4.693910217285156250e+01,1.834439849853515625e+02,3.453083801269531250e+01,5.401491165161132812e+01,-1.060585308074951172e+01,7.524255371093750000e+01,9.744835853576660156e+00,2.074792938232421875e+02,-1.255422234535217285e+00,3.391004943847656250e+02,-2.939044952392578125e+01,3.711703872680664062e+01,1.869732260704040527e+00,3.399376220703125000e+02,-2.172441864013671875e+01,1.123669052124023438e+02,2.183135986328125000e+00,6.725283145904541016e+00,-1.815065383911132812e+00,2.199781036376953125e+02,2.993856430053710938e+00,1.381301212310791016e+01,6.343308687210083008e-01,4.402252197265625000e+00,-7.668042182922363281e-01,5.731212234497070312e+01,3.529075622558593750e+00,3.598175048828125000e-01,8.015281558036804199e-01,9.917929023504257202e-02,8.475102782249450684e-01,5.762038826942443848e-01,1.957536816596984863e+00,3.634578704833984375e+00,2.485869646072387695e+00,1.330441188812255859e+01,1.164927840232849121e+00,8.539185523986816406e-01,8.188553452491760254e-01,1.350376224517822266e+01,2.609733343124389648e+00,3.918715238571166992e+00,2.048763036727905273e+00,2.765450477600097656e+00,-9.654364585876464844e+00,7.198089599609375000e+01,-2.121589422225952148e+00,5.457779407501220703e+00,-1.004398465156555176e+00,1.475109577178955078e+00,-5.018621444702148438e+00,1.872352790832519531e+01,3.294984623789787292e-02,2.041543722152709961e+00,3.691754639148712158e-01,8.746536821126937866e-02,-6.591682434082031250e-01,3.083828091621398926e-01,1.391508460044860840e+00,1.824847579002380371e+00,2.324680566787719727e+00,4.835488796234130859e+00,4.106107056140899658e-01,4.169744551181793213e-01,2.414418458938598633e+00,4.431980133056640625e+00,1.163743019104003906e+00,1.540689468383789062e+00,5.991915240883827209e-02,8.504898141836747527e-05
-3.458909912109375000e+02,5.938816070556640625e+01,8.325418090820312500e+01,8.884896240234375000e+02,8.105989837646484375e+01,6.540460205078125000e+01,8.311518859863281250e+01,9.124700927734375000e+01,4.565090560913085938e+01,3.270426635742187500e+02,3.729137039184570312e+01,4.106951904296875000e+01,2.476564025878906250e+01,1.482232971191406250e+02,-8.852661132812500000e+00,8.829968261718750000e+01,-2.805709838867187500e+00,1.175931777954101562e+02,-7.484239101409912109e+00,9.643746376037597656e+00,-1.310085201263427734e+01,1.247785034179687500e+02,-3.814278602600097656e+00,1.217722320556640625e+01,-1.062782287597656250e+01,4.871306896209716797e+00,-3.228884935379028320e+00,3.141233325004577637e-02,1.138333129882812500e+01,9.599083662033081055e-01,3.098365545272827148e+00,8.939706534147262573e-02,-2.544863700866699219e+00,1.068542152643203735e-01,6.921811103820800781e+00,2.413693517446517944e-01,6.499164104461669922e-01,2.105622589588165283e-01,-2.738735914230346680e+00,4.300482273101806641e-01,3.539431571960449219e+00,1.097600460052490234e-01,-2.647180795669555664e+00,3.040081858634948730e-01,-3.952736854553222656e-01,4.910961538553237915e-02,3.274119615554809570e+00,6.588731706142425537e-02,-7.305783629417419434e-01,1.127127371728420258e-02,4.564669132232666016e-01,3.352544037625193596e-03,9.553581476211547852e-03,6.682711243629455566e-01,-1.366250753402709961e+00,8.690758705139160156e+00,4.387733638286590576e-01,5.668022036552429199e-01,5.378319025039672852e-01,5.316987633705139160e-01,-5.720328092575073242e-01,3.285081386566162109e+00,8.238229751586914062e-01,5.632695183157920837e-02,1.151826620101928711e+00,6.302530765533447266e-01,4.850006401538848877e-01,8.388081192970275879e-01,9.603089094161987305e-01,5.703978538513183594e-01,3.970805108547210693e-01,1.590985432267189026e-02,-3.441722393035888672e-01,8.557717800140380859e-01,-1.792337745428085327e-01,4.997025057673454285e-02,9.160561114549636841e-02,7.777176797389984131e-03,6.730651855468750000e-02,1.155221543740481138e-04
-3.330175170898437500e+02,9.378318481445312500e+02,6.833260345458984375e+01,5.211604980468750000e+03,7.007647705078125000e+01,5.848071289062500000e+02,5.921398162841796875e+01,2.928162536621093750e+02,2.777015876770019531e+01,9.322042236328125000e+02,2.808230781555175781e+01,3.052122497558593750e+02,1.457414054870605469e+01,3.175617370605468750e+02,-2.742212295532226562e+00,2.485091094970703125e+02,-6.755438446998596191e-01,3.212149047851562500e+02,-2.537839651107788086e+00,1.551533966064453125e+02,-4.466906547546386719e+00,2.119992523193359375e+02,3.607392549514770508e+00,1.865516357421875000e+02,-6.019373416900634766e+00,5.347571563720703125e+01,2.233126401901245117e+00,3.165010643005371094e+01,2.677684307098388672e+00,2.739147033691406250e+02,1.319032907485961914e+00,3.450165176391601562e+01,-4.409511983394622803e-01,1.259175872802734375e+01,-1.804094791412353516e+00,5.108837890625000000e+01,-2.339879274368286133e+00,5.991860866546630859e+00,-2.144428253173828125e+00,7.881271362304687500e+00,-1.414208531379699707e+00,7.463775634765625000e+00,-4.557268917560577393e-01,1.527430057525634766e+01,2.261849641799926758e-01,7.789083480834960938e+00,4.104553461074829102e-01,8.598178863525390625e+00,3.425430357456207275e-01,8.080497741699218750e+00,2.394382208585739136e-01,1.788347840309143066e+00,5.130584836006164551e-01,2.470219421386718750e+01,6.886115670204162598e-01,1.133864517211914062e+02,5.307112336158752441e-01,6.539111137390136719e+00,2.719664573669433594e-01,5.555320739746093750e+00,6.934262067079544067e-02,2.464945411682128906e+01,-2.422214671969413757e-02,4.588009357452392578e+00,-7.854351401329040527e-02,5.910516262054443359e+00,-7.639040052890777588e-02,4.914611816406250000e+00,9.680123999714851379e-03,7.327585697174072266e+00,7.355146110057830811e-02,4.141067981719970703e+00,5.645522475242614746e-02,6.476913452148437500e+00,4.154672101140022278e-02,3.893055438995361328e+00,4.729567095637321472e-02,1.422687768936157227e+00,5.929344147443771362e-02,1.918181224027648568e-04
-4.880203247070312500e+02,5.986069107055664062e+01,1.285719146728515625e+02,8.826323699951171875e+01,1.128828887939453125e+02,2.879212570190429688e+01,9.063204956054687500e+01,1.641074419021606445e-01,6.616583251953125000e+01,1.373747062683105469e+01,4.329450607299804688e+01,3.285396957397460938e+01,2.431879043579101562e+01,2.961292839050292969e+01,9.857013702392578125e+00,1.271839809417724609e+01,-6.068114638328552246e-01,1.710564255714416504e+00,-7.877285003662109375e+00,8.745263516902923584e-02,-1.241032695770263672e+01,6.763858199119567871e-01,-1.419023799896240234e+01,2.785613536834716797e-01,-1.308329200744628906e+01,2.053819131106138229e-03,-2.578989744186401367e+00,0.000000000000000000e+00,-3.131617307662963867e+00,0.000000000000000000e+00,-1.788609862327575684e+00,0.000000000000000000e+00,-1.350339204072952271e-01,0.000000000000000000e+00,1.235469818115234375e+00,0.000000000000000000e+00,1.910612702369689941e+00,0.000000000000000000e+00,1.813925385475158691e+00,0.000000000000000000e+00,1.188762068748474121e+00,0.000000000000000000e+00,4.359618127346038818e-01,0.000000000000000000e+00,-9.857463836669921875e-02,0.000000000000000000e+00,-2.741422653198242188e-01,0.000000000000000000e+00,-1.759297102689743042e-01,0.000000000000000000e+00,-1.510636042803525925e-02,0.000000000000000000e+00,0.000000000000000000e+00,1.121806055307388306e-01,0.000000000000000000e+00,1.654077619314193726e-01,0.000000000000000000e+00,5.395724624395370483e-02,0.000000000000000000e+00,3.075419226661324501e-04,0.000000000000000000e+00,2.574440278112888336e-02,0.000000000000000000e+00,6.156925484538078308e-02,0.000000000000000000e+00,5.549545586109161377e-02,0.000000000000000000e+00,2.383463084697723389e-02,0.000000000000000000e+00,3.205645363777875900e-03,0.000000000000000000e+00,1.638886751607060432e-04,0.000000000000000000e+00,1.267565763555467129e-03,0.000000000000000000e+00,5.220317398197948933e-04,0.000000000000000000e+00,3.848914275295101106e-06,3.877064585685729980e-02,3.137529347441159189e-07
-3.540231323242187500e+02,9.122269897460937500e+02,8.463519287109375000e+01,1.398691772460937500e+03,6.903524780273437500e+01,6.228524169921875000e+02,6.286982345581054688e+01,4.747013244628906250e+02,4.650210952758789062e+01,2.964125061035156250e+02,2.634509658813476562e+01,6.951499176025390625e+01,2.036733436584472656e+01,6.464057922363281250e+01,1.268600463867187500e+01,2.712965202331542969e+01,-3.071057081222534180e+00,6.680455780029296875e+01,-1.339018440246582031e+01,2.303050384521484375e+02,-1.522443294525146484e+01,1.971408691406250000e+02,-1.582281398773193359e+01,1.499172668457031250e+02,-1.508834362030029297e+01,1.160569076538085938e+02,-8.666025102138519287e-02,8.837687683105468750e+01,-5.560335516929626465e-01,1.239454193115234375e+02,-6.474736928939819336e-01,5.469334793090820312e+01,-1.142102956771850586e+00,5.224948501586914062e+01,-1.070104956626892090e+00,2.186624526977539062e+01,-1.156390309333801270e+00,1.367820024490356445e+00,-7.686339616775512695e-01,9.974032640457153320e-01,-7.537222504615783691e-01,6.164372563362121582e-01,-6.640723943710327148e-01,6.544059753417968750e+00,-6.765233278274536133e-01,1.798881340026855469e+01,-6.270316243171691895e-01,1.459802055358886719e+01,-4.564756453037261963e-01,1.226245594024658203e+01,-3.151834905147552490e-01,1.195278453826904297e+01,-1.568566083908081055e+00,1.399826240539550781e+01,-2.130355119705200195e+00,2.662319374084472656e+01,-1.641867756843566895e+00,1.098873615264892578e+01,-1.181066870689392090e+00,2.739129543304443359e+00,-6.729889512062072754e-01,1.980319142341613770e+00,-3.810391426086425781e-01,1.701944023370742798e-01,-7.978759706020355225e-02,1.479972124099731445e+00,1.201702132821083069e-01,6.858906149864196777e-01,4.109080731868743896e-01,7.072928547859191895e-01,6.771917939186096191e-01,3.186850309371948242e+00,8.249839544296264648e-01,2.992188692092895508e+00,7.932724952697753906e-01,2.306802749633789062e+00,5.704652070999145508e-01,6.179410219192504883e-01,5.512755736708641052e-02,4.802635230589658022e-04
-3.497058105468750000e+02,2.726146484375000000e+03,1.085466613769531250e+02,4.775311035156250000e+03,7.310418701171875000e+01,1.745716064453125000e+03,3.882671737670898438e+01,5.536828613281250000e+02,2.065561485290527344e+01,2.991499023437500000e+02,1.302260684967041016e+01,4.630915832519531250e+02,1.379419803619384766e+01,3.515726318359375000e+02,4.585222721099853516e+00,1.081470108032226562e+02,-9.166637420654296875e+00,3.362029266357421875e+01,-1.869783592224121094e+01,1.258160781860351562e+02,-2.106293678283691406e+01,2.004786834716796875e+02,-1.978703117370605469e+01,1.546382751464843750e+02,-1.526004886627197266e+01,9.785916137695312500e+01,8.368167877197265625e+00,1.383997955322265625e+02,1.230332374572753906e+01,2.442558593750000000e+02,7.836451053619384766e+00,7.811164093017578125e+01,4.339910507202148438e+00,7.490152359008789062e+00,3.156811714172363281e+00,3.676296234130859375e+00,4.810575008392333984e+00,3.416469097137451172e+00,3.030953884124755859e+00,7.336507797241210938e+00,1.656777739524841309e+00,2.247825860977172852e+00,-1.097880899906158447e-01,3.415185809135437012e-01,-1.826864004135131836e+00,2.740790367126464844e+00,-2.607078790664672852e+00,8.967607498168945312e+00,-1.431449890136718750e+00,1.032179641723632812e+01,2.399598248302936554e-02,6.300509929656982422e+00,-2.409629106521606445e+00,5.589631652832031250e+01,-3.179625749588012695e+00,8.865382385253906250e+01,-1.540236711502075195e+00,3.187328338623046875e+01,-1.706059873104095459e-01,1.014537334442138672e+01,3.671395778656005859e-01,5.048595905303955078e+00,-1.649668440222740173e-02,3.608354806900024414e+00,8.628413081169128418e-02,6.374395370483398438e+00,1.022017300128936768e-01,2.032170772552490234e+00,2.710256874561309814e-01,1.259025633335113525e-01,5.225090384483337402e-01,1.372098207473754883e+00,7.378118634223937988e-01,2.917510032653808594e+00,6.177840828895568848e-01,3.904203176498413086e+00,3.613351583480834961e-01,3.017078876495361328e+00,6.102472543716430664e-02,8.372184238396584988e-04
-3.413802795410156250e+02,6.882826538085937500e+02,1.190428619384765625e+02,7.737491455078125000e+02,8.862508392333984375e+01,1.552134704589843750e+02,6.064649200439453125e+01,2.651672363281250000e+02,4.642174530029296875e+01,2.102465057373046875e+02,4.102065277099609375e+01,3.043607139587402344e+01,3.161010742187500000e+01,4.070684051513671875e+01,1.173569297790527344e+01,2.413542556762695312e+01,-1.263423919677734375e+01,1.248072738647460938e+02,-2.951968955993652344e+01,2.680675659179687500e+02,-3.212238693237304688e+01,1.754926300048828125e+02,-2.382143592834472656e+01,5.177896881103515625e+01,-1.331764793395996094e+01,9.541204833984375000e+01,1.007985472679138184e+00,9.066176414489746094e+00,1.185703277587890625e-01,1.149327087402343750e+01,-2.717402935028076172e+00,2.299709796905517578e+00,-4.735325813293457031e+00,1.803946197032928467e-01,-4.378809452056884766e+00,2.536431252956390381e-01,-2.303557872772216797e+00,6.902061402797698975e-02,-6.435676813125610352e-01,6.592479348182678223e-02,-7.809041738510131836e-01,1.773410737514495850e-01,-2.055960655212402344e+00,1.850122094154357910e+00,-2.685797214508056641e+00,3.370269775390625000e+00,-1.574521064758300781e+00,2.530579566955566406e+00,8.695033788681030273e-01,9.409145116806030273e-01,3.265323162078857422e+00,2.314373999834060669e-01,-3.412031650543212891e+00,2.675380229949951172e+00,-3.833692550659179688e+00,2.793373107910156250e+00,-1.666919112205505371e+00,1.049850702285766602e+00,3.994035720825195312e-02,2.851022481918334961e+00,3.745861649513244629e-01,2.301035642623901367e+00,-1.340967714786529541e-01,3.552086055278778076e-01,-2.932407855987548828e-01,2.029330655932426453e-02,4.348652958869934082e-01,3.806060180068016052e-02,1.508481621742248535e+00,8.075914382934570312e-01,2.059757947921752930e+00,1.659582734107971191e+00,1.794849753379821777e+00,9.099479913711547852e-01,1.083376646041870117e+00,2.555659711360931396e-01,3.992393314838409424e-01,1.131097197532653809e+00,7.465276122093200684e-02,1.328410144196823239e-04
-3.214660034179687500e+02,3.635447998046875000e+02,4.521105194091796875e+01,2.611020507812500000e+03,5.317131423950195312e+01,3.736205444335937500e+02,5.420014572143554688e+01,2.831335754394531250e+02,3.546949386596679688e+01,1.135970214843750000e+03,3.318795013427734375e+01,1.081439590454101562e+02,2.309822273254394531e+01,7.859097290039062500e+01,1.381903457641601562e+01,2.373128814697265625e+02,1.041944694519042969e+01,8.962893676757812500e+01,-1.620444536209106445e+00,9.366211700439453125e+01,-4.939291954040527344e+00,5.506703567504882812e+01,-1.766753435134887695e+00,1.290370483398437500e+02,-1.163931751251220703e+01,6.593909454345703125e+01,3.348705768585205078e+00,3.212255716323852539e+00,-5.204465866088867188e+00,1.986217956542968750e+02,6.351674199104309082e-01,3.209283065795898438e+01,1.032850623130798340e+00,1.716836929321289062e+01,-3.448251008987426758e+00,8.141989898681640625e+01,1.235364437103271484e+00,7.841439247131347656e+00,3.181835412979125977e-01,6.841659545898437500e+00,-1.742462038993835449e+00,1.369430541992187500e+01,9.016174674034118652e-01,3.610669374465942383e+00,4.331696927547454834e-01,5.089340686798095703e+00,-8.233039379119873047e-01,1.146419286727905273e+00,1.018044948577880859e+00,7.595391273498535156e+00,-2.296785265207290649e-01,2.700945138931274414e+00,2.667034044861793518e-02,5.200117111206054688e+00,-1.750474929809570312e+00,2.939748764038085938e+01,-8.480967879295349121e-01,6.943418502807617188e+00,-5.487401485443115234e-01,4.762649536132812500e+00,-1.062505602836608887e+00,1.115037059783935547e+01,-5.237133502960205078e-01,2.396739721298217773e+00,-4.336800575256347656e-01,1.499537348747253418e+00,-4.738261997699737549e-01,1.343347191810607910e+00,-1.442136019468307495e-01,1.430745005607604980e+00,-1.074959039688110352e-01,1.794760227203369141e+00,-1.881169825792312622e-01,4.153501093387603760e-01,1.969571113586425781e-01,1.649445772171020508e+00,4.241716489195823669e-02,1.303255081176757812e+00,6.459851562976837158e-02,4.456445167306810617e-04
-3.916319580078125000e+02,6.370084838867187500e+02,6.952845764160156250e+01,1.221102539062500000e+03,5.818394470214843750e+01,5.814268188476562500e+02,6.033301544189453125e+01,2.784779052734375000e+02,4.303590393066406250e+01,3.705904541015625000e+02,3.003056526184082031e+01,9.758279418945312500e+01,2.321035003662109375e+01,1.067784729003906250e+02,6.721176147460937500e+00,1.253599548339843750e+02,1.349693179130554199e+00,1.458007049560546875e+02,1.947333455085754395e+00,9.770211791992187500e+01,-1.576517581939697266e+00,6.690405273437500000e+01,-1.268782496452331543e+00,2.318242835998535156e+01,-5.269506454467773438e+00,4.674098205566406250e+01,-3.416276216506958008e+00,4.836824798583984375e+01,-6.473948359489440918e-01,1.293415985107421875e+02,-7.536802291870117188e-01,6.223654556274414062e+01,-3.233887672424316406e+00,1.908438873291015625e+01,6.298265457153320312e-01,4.173107147216796875e+01,3.669147938489913940e-02,8.455430030822753906e+00,-1.188175797462463379e+00,2.157262086868286133e+00,2.109213829040527344e+00,1.201241493225097656e+00,4.573343098163604736e-01,6.685319423675537109e+00,-3.179336190223693848e-01,6.990259170532226562e+00,1.859252452850341797e+00,7.116284966468811035e-01,-3.147070705890655518e-01,2.232347011566162109e+00,-3.733381032943725586e-01,4.587601184844970703e+00,-1.501383304595947266e+00,1.491370773315429688e+01,-2.693275451660156250e+00,3.302668380737304688e+01,-2.010983467102050781e+00,1.272672080993652344e+01,-1.182604074478149414e+00,3.331681966781616211e+00,-1.682172894477844238e+00,8.238845825195312500e+00,-7.492816448211669922e-01,1.987131953239440918e+00,1.373732388019561768e-01,3.144535064697265625e+00,-2.955462038516998291e-01,1.501786708831787109e+00,3.691775500774383545e-01,4.279993057250976562e+00,5.885020494461059570e-01,2.881779670715332031e+00,-8.432052284479141235e-02,4.432249963283538818e-01,4.124031066894531250e-01,4.097438454627990723e-01,4.894139468669891357e-01,1.205377221107482910e+00,5.234115570783615112e-02,4.198948154225945473e-04
-3.856452026367187500e+02,4.480588378906250000e+03,6.404986572265625000e+01,4.284466796875000000e+03,3.940425109863281250e+01,1.071880371093750000e+03,3.859285354614257812e+01,1.375824707031250000e+03,3.121964263916015625e+01,5.629678344726562500e+02,1.912516975402832031e+01,7.872038574218750000e+02,1.935200309753417969e+01,3.210268554687500000e+02,6.684442996978759766e+00,3.523738708496093750e+02,-1.876781845092773438e+01,5.013997497558593750e+02,-1.820940780639648438e+01,5.012789611816406250e+02,-7.274896621704101562e+00,1.172396926879882812e+02,3.292483091354370117e+00,8.587988281250000000e+01,-5.504564285278320312e+00,8.115732574462890625e+01,-3.454841375350952148e-01,3.144313659667968750e+02,-4.582125246524810791e-01,1.665219573974609375e+02,-4.000732600688934326e-01,5.423238754272460938e+01,-3.239578604698181152e-01,8.460799407958984375e+01,-2.149038165807723999e-01,3.736599731445312500e+01,-1.143474876880645752e-01,3.837310791015625000e+01,-3.192930668592453003e-02,2.202075576782226562e+01,5.089266970753669739e-02,9.887836456298828125e+00,1.049140766263008118e-01,2.310467147827148438e+01,1.303047537803649902e-01,2.110827827453613281e+01,1.477827429771423340e-01,4.843077659606933594e+00,1.376670747995376587e-01,2.232856750488281250e+00,1.070655211806297302e-01,4.303340435028076172e+00,-4.038007557392120361e-01,4.822261047363281250e+01,-5.464703440666198730e-01,1.061528930664062500e+02,-4.949554204940795898e-01,2.301369667053222656e+01,-4.250844419002532959e-01,1.958431053161621094e+01,-3.300117254257202148e-01,3.849041461944580078e+00,-2.393494695425033569e-01,2.497061347961425781e+01,-1.613286733627319336e-01,4.915866851806640625e+00,-8.500564098358154297e-02,1.083483600616455078e+01,-2.978680282831192017e-02,8.578414916992187500e+00,4.316738806664943695e-03,9.954481124877929688e+00,3.076018951833248138e-02,2.857045173645019531e+00,3.693091869354248047e-02,2.799194574356079102e+00,2.795441262423992157e-02,1.230146408081054688e+00,3.537474572658538818e-02,6.303379777818918228e-04
-2.580720214843750000e+02,4.007228698730468750e+02,4.930561065673828125e+01,6.604222412109375000e+02,4.443173217773437500e+01,4.991709594726562500e+02,4.186624908447265625e+01,4.319141235351562500e+02,3.640857315063476562e+01,3.142482299804687500e+02,2.630825233459472656e+01,1.221384887695312500e+02,1.817319869995117188e+01,5.566271972656250000e+01,1.334883308410644531e+01,5.588232421875000000e+01,6.281228065490722656e+00,4.812409210205078125e+01,-2.016268253326416016e+00,7.481890106201171875e+01,-5.702430248260498047e+00,7.584115600585937500e+01,-6.630157470703125000e+00,5.147137451171875000e+01,-9.713521957397460938e+00,6.050765228271484375e+01,5.249543666839599609e+00,4.076991081237792969e+00,7.039933204650878906e+00,4.896860599517822266e+00,6.254192352294921875e+00,3.098187208175659180e+00,5.397546291351318359e+00,6.588905334472656250e+00,4.183060646057128906e+00,8.600358963012695312e+00,2.592864990234375000e+00,5.045066833496093750e+00,1.200838327407836914e+00,4.586665153503417969e+00,1.822150647640228271e-01,6.706654548645019531e+00,-7.943378090858459473e-01,4.985556602478027344e+00,-1.607213616371154785e+00,2.316986083984375000e+00,-1.838052988052368164e+00,1.437816977500915527e+00,-1.669708490371704102e+00,6.252998709678649902e-01,-1.510178208351135254e+00,1.190153837203979492e+00,-3.307316899299621582e-01,1.447681546211242676e+00,-3.611539304256439209e-01,1.887032508850097656e+00,-3.050693869590759277e-01,1.399359464645385742e+00,-4.916890561580657959e-01,1.754917383193969727e+00,-5.945740938186645508e-01,1.920708417892456055e+00,-4.770141541957855225e-01,9.554664492607116699e-01,-4.631814062595367432e-01,8.317186236381530762e-01,-5.805670022964477539e-01,9.500080347061157227e-01,-4.871235787868499756e-01,7.509913444519042969e-01,-2.300754338502883911e-01,9.975438117980957031e-01,-1.313250362873077393e-01,7.993325591087341309e-01,-8.495815098285675049e-02,3.182312846183776855e-01,1.619948893785476685e-01,6.984669566154479980e-01,9.034025669097900391e-02,1.757824211381375790e-03
-3.320102844238281250e+02,5.076802978515625000e+02,1.981989135742187500e+02,3.381171569824218750e+02,1.021028518676757812e+02,1.130152416229248047e+01,3.098097801208496094e+01,4.552553939819335938e+01,1.458454895019531250e+01,2.552893638610839844e+00,2.291149711608886719e+01,9.855913519859313965e-01,2.674532127380371094e+01,4.462357044219970703e+00,6.541767597198486328e+00,2.522949934005737305e+00,-2.636683845520019531e+01,2.092364692687988281e+01,-4.291781234741210938e+01,3.444863510131835938e+01,-2.574250984191894531e+01,6.562942504882812500e+01,5.760219097137451172e+00,7.595755767822265625e+01,1.569476318359375000e+01,4.359100341796875000e+00,8.776494026184082031e+00,5.670855939388275146e-02,7.009243011474609375e+00,4.809255897998809814e-02,-5.843129754066467285e-01,7.794050965458154678e-03,-2.422968149185180664e+00,1.001510862261056900e-02,2.243049591779708862e-01,1.888112165033817291e-03,3.656405508518218994e-01,1.854497677413746715e-04,-4.895449876785278320e-01,2.578777028247714043e-03,-5.392689108848571777e-01,7.192913326434791088e-04,1.131687760353088379e-01,1.737545803189277649e-02,1.139101028442382812e+00,2.253572642803192139e-02,3.058160066604614258e+00,1.020917948335409164e-02,3.439372301101684570e+00,7.035035640001296997e-03,-8.134204745292663574e-01,4.856021841987967491e-04,2.990980446338653564e-01,3.172744035720825195e+00,3.934318125247955322e-01,2.024251699447631836e+00,2.494473010301589966e-01,1.444484200328588486e-02,2.312650233507156372e-01,2.421058416366577148e-01,1.234165802597999573e-01,2.166047459468245506e-03,-2.947195433080196381e-02,5.511232186108827591e-03,-1.413163244724273682e-01,9.992941282689571381e-03,6.692384183406829834e-02,1.200409233570098877e-02,3.773117959499359131e-01,1.406227820552885532e-03,4.223764836788177490e-01,5.453820899128913879e-02,1.952106952667236328e-01,3.853921592235565186e-01,4.209995269775390625e-03,4.871646463871002197e-01,2.749554254114627838e-02,2.725347317755222321e-02,8.142647147178649902e-02,6.801135896239429712e-06
-2.983421020507812500e+02,1.462542236328125000e+03,1.823512268066406250e+02,1.551921386718750000e+03,6.935213470458984375e+01,2.645751037597656250e+02,2.524409055709838867e+00,3.428031616210937500e+02,1.221264839172363281e+01,2.210024414062500000e+02,4.156682968139648438e+01,1.528595428466796875e+02,3.345913696289062500e+01,6.763659667968750000e+01,-6.449745178222656250e+00,3.041420936584472656e+01,-3.699098587036132812e+01,1.732923583984375000e+02,-3.752328491210937500e+01,6.092037963867187500e+01,-1.873448181152343750e+01,2.081226158142089844e+01,2.169178962707519531e+00,3.107571029663085938e+01,1.573345375061035156e+01,3.938262939453125000e+01,-1.343865966796875000e+01,7.873663425445556641e+00,-1.454468059539794922e+01,5.750681877136230469e+00,-5.291754722595214844e+00,1.403632402420043945e+00,1.699514746665954590e+00,5.877477645874023438e+00,4.111036777496337891e+00,1.700253248214721680e+00,3.689059019088745117e+00,3.525455296039581299e-01,1.446312189102172852e+00,6.216591000556945801e-01,-2.031847476959228516e+00,5.214134603738784790e-02,-3.920188903808593750e+00,6.214498281478881836e-01,-1.836198210716247559e+00,2.903960645198822021e-01,1.659826040267944336e+00,1.358513534069061279e-01,1.710394144058227539e+00,2.532822489738464355e-01,-1.825890779495239258e+00,1.448045670986175537e-01,-2.799364566802978516e+00,1.600654792785644531e+01,-2.182462215423583984e+00,1.836835861206054688e+01,1.211255073547363281e+00,2.857817888259887695e+00,2.745065927505493164e+00,1.410826086997985840e+00,1.429164886474609375e+00,1.899548768997192383e+00,-5.272811651229858398e-01,1.675144791603088379e+00,-8.652900457382202148e-01,4.774085581302642822e-01,1.351265013217926025e-01,3.857212066650390625e-01,7.835294604301452637e-01,1.868661522865295410e+00,5.691530108451843262e-01,5.446004867553710938e-01,3.624518513679504395e-01,2.141110450029373169e-01,5.393776893615722656e-01,2.853613793849945068e-01,4.001409113407135010e-01,3.845481872558593750e-01,7.995158433914184570e-02,1.758290454745292664e-04
-3.249438476562500000e+02,1.151287841796875000e+03,1.180240325927734375e+02,1.170910400390625000e+03,7.720045471191406250e+01,3.214180908203125000e+02,4.294031524658203125e+01,4.366021118164062500e+02,1.957720756530761719e+01,5.432093505859375000e+02,9.602773666381835938e+00,2.288042602539062500e+02,1.026938819885253906e+01,5.943790817260742188e+01,5.272688865661621094e+00,7.677297973632812500e+01,-8.881702423095703125e+00,4.449574279785156250e+01,-1.757168579101562500e+01,1.668502349853515625e+02,-1.460770702362060547e+01,2.589652709960937500e+02,-7.705476760864257812e+00,2.259011230468750000e+02,-1.944897055625915527e+00,9.207009887695312500e+01,-2.608197212219238281e+00,8.888849639892578125e+01,-3.508126497268676758e+00,8.822515869140625000e+01,-2.421995878219604492e+00,1.047754859924316406e+01,-8.137009143829345703e-01,2.353981399536132812e+01,9.047526121139526367e-02,3.330831909179687500e+01,6.642770767211914062e-01,1.439174842834472656e+01,1.075936079025268555e+00,1.766225099563598633e+00,8.065795302391052246e-01,2.574904441833496094e+00,6.461681127548217773e-01,3.011876821517944336e+00,8.810333609580993652e-01,1.384848785400390625e+01,6.675513982772827148e-01,1.517391109466552734e+01,2.702339887619018555e-01,1.204348564147949219e+01,-5.563342571258544922e-02,5.621788501739501953e+00,-8.123234510421752930e-01,3.648923873901367188e+01,-1.015262007713317871e+00,3.921707153320312500e+01,-5.333256721496582031e-01,8.876255035400390625e+00,2.677142620086669922e-02,9.539908409118652344e+00,2.207255363464355469e-01,1.474618339538574219e+01,2.250474691390991211e-01,6.608165740966796875e+00,2.433355152606964111e-01,5.721330642700195312e-01,2.209972441196441650e-01,1.260149598121643066e+00,3.463584184646606445e-01,6.246920824050903320e-01,5.737167000770568848e-01,5.308876514434814453e+00,5.655158758163452148e-01,1.016848373413085938e+01,4.175847470760345459e-01,8.189584732055664062e+00,2.885240316390991211e-01,2.607116222381591797e+00,7.097247242927551270e-02,2.271709090564399958e-04
-3.944829101562500000e+02,1.977782135009765625e+02,6.471911621093750000e+01,2.256990478515625000e+03,5.801436233520507812e+01,1.814183959960937500e+03,8.813447570800781250e+01,2.298825683593750000e+02,4.530262756347656250e+01,7.100864257812500000e+02,2.156404495239257812e+01,6.608289184570312500e+02,3.681809234619140625e+01,8.043498229980468750e+01,7.170151710510253906e+00,1.460254669189453125e+01,-8.796365737915039062e+00,1.516016197204589844e+01,-7.094641208648681641e+00,1.515327148437500000e+02,-1.793933677673339844e+01,1.362510986328125000e+02,-1.669916725158691406e+01,8.699427032470703125e+01,-2.022209739685058594e+01,7.380593872070312500e+01,3.158975362777709961e+00,6.991560459136962891e-01,1.810275459289550781e+01,2.082066535949707031e+00,1.632235145568847656e+01,1.679780721664428711e+00,3.368632316589355469e+00,7.992495894432067871e-01,1.037892055511474609e+01,6.507633924484252930e-01,9.915787696838378906e+00,4.646725356578826904e-01,-1.775810360908508301e+00,6.411445140838623047e-02,1.558297514915466309e+00,1.385777443647384644e-02,1.261756181716918945e+00,1.366356573998928070e-02,-4.552601337432861328e+00,1.085437238216400146e-01,-3.899549007415771484e+00,2.423283010721206665e-01,-3.650887966156005859e+00,9.675772488117218018e-02,-3.361332416534423828e+00,9.313450008630752563e-02,-1.469710469245910645e+00,5.870938301086425781e-01,-1.902979612350463867e+00,2.228099822998046875e+01,-1.702148199081420898e+00,1.802952575683593750e+01,-1.571390151977539062e+00,6.591090559959411621e-01,-1.036277294158935547e+00,7.196260452270507812e+00,-7.556245326995849609e-01,6.718440055847167969e+00,-4.269071817398071289e-01,3.051710426807403564e-01,1.440427005290985107e-01,1.488984674215316772e-01,1.723935455083847046e-01,1.194184869527816772e-01,3.961436152458190918e-01,1.455328464508056641e+00,8.010416030883789062e-01,1.072812318801879883e+00,4.290076792240142822e-01,8.686167001724243164e-01,4.368253052234649658e-01,7.179738283157348633e-01,5.180428922176361084e-02,1.918256457429379225e-04
-3.341351928710937500e+02,5.070940856933593750e+02,5.516234588623046875e+01,1.984447875976562500e+03,6.265002441406250000e+01,5.663248901367187500e+02,6.118800735473632812e+01,4.493393554687500000e+02,4.102388381958007812e+01,8.148012084960937500e+02,3.738814544677734375e+01,1.756408996582031250e+02,2.467782592773437500e+01,1.125619125366210938e+02,1.050191497802734375e+01,1.247825851440429688e+02,7.594822883605957031e+00,8.770867919921875000e+01,-4.881342887878417969e+00,1.368708343505859375e+02,-1.563423728942871094e+01,5.475309371948242188e+01,-9.492620468139648438e+00,2.155050201416015625e+02,-1.682422256469726562e+01,9.175949859619140625e+01,-2.509377956390380859e+00,3.087247276306152344e+01,-6.415082454681396484e+00,3.986008453369140625e+01,-4.423887729644775391e+00,2.795593261718750000e+01,-3.671091318130493164e+00,2.427842330932617188e+01,-4.306975841522216797e+00,1.699521636962890625e+01,-2.288825988769531250e+00,8.443402290344238281e+00,-1.570290207862854004e+00,4.647854328155517578e+00,-1.495776057243347168e+00,1.772244572639465332e+00,6.719525158405303955e-02,2.232549190521240234e+00,6.251465082168579102e-01,6.198845863342285156e+00,5.210385322570800781e-01,5.340972423553466797e+00,1.623429417610168457e+00,5.139150142669677734e+00,1.413233518600463867e+00,4.338831424713134766e+00,-1.025039434432983398e+00,9.184832572937011719e+00,4.288906455039978027e-01,2.986475563049316406e+01,-5.081961750984191895e-01,1.075641918182373047e+01,-6.844290494918823242e-01,6.657619953155517578e+00,1.546107679605484009e-01,8.528556823730468750e+00,-4.701722264289855957e-01,3.670671224594116211e+00,-3.470833003520965576e-01,3.004502058029174805e+00,1.077094674110412598e-01,7.330363988876342773e-01,-3.098169267177581787e-01,2.947610378265380859e+00,-1.642913967370986938e-01,2.960677385330200195e+00,2.452987432479858398e-01,7.968447804450988770e-01,-2.265818119049072266e-01,5.254519939422607422e+00,7.150597125291824341e-02,1.607427597045898438e+00,7.368640601634979248e-02,7.208139286376535892e-04
-3.353587341308593750e+02,9.642204589843750000e+02,1.888273811340332031e+01,7.763411621093750000e+03,7.847063446044921875e+01,3.118959350585937500e+02,7.093286895751953125e+01,3.938101501464843750e+02,1.876474761962890625e+01,2.175594726562500000e+03,4.503866195678710938e+01,1.371694793701171875e+02,1.833235549926757812e+01,7.125731658935546875e+01,-6.083906650543212891e+00,1.071904907226562500e+02,2.203711271286010742e+00,1.904493865966796875e+02,-7.809731006622314453e+00,2.266944427490234375e+02,-2.562144279479980469e+01,4.079367065429687500e+01,-2.382562637329101562e+00,4.136594238281250000e+02,-2.184239768981933594e+01,3.785638809204101562e+01,8.407397270202636719e+00,8.245352745056152344e+00,-2.759984016418457031e+01,6.656038665771484375e+01,-2.996187210083007812e+00,1.186502361297607422e+01,-2.927406549453735352e+00,1.489910221099853516e+01,-1.455986785888671875e+01,2.211358833312988281e+01,1.491454124450683594e+00,2.030175924301147461e+00,-1.451985716819763184e+00,1.702066421508789062e+00,-3.501747846603393555e+00,5.002446174621582031e-01,3.492505788803100586e+00,4.071135520935058594e-01,3.830505132675170898e+00,1.292390584945678711e+00,-9.812121987342834473e-01,3.376108705997467041e-01,6.536921024322509766e+00,1.756778597831726074e+00,1.062626361846923828e+00,1.027718424797058105e+00,-1.477771759033203125e+00,1.479957103729248047e+01,-4.719010829925537109e+00,9.757992553710937500e+01,-2.064679861068725586e+00,3.765318870544433594e+00,-2.411296129226684570e+00,4.769275665283203125e+00,-2.709070920944213867e+00,2.731514549255371094e+01,-8.061184883117675781e-01,2.129716157913208008e+00,-7.692568302154541016e-01,5.792908072471618652e-01,-2.149806022644042969e-01,9.702072143554687500e-01,3.231539726257324219e-01,2.822636365890502930e+00,7.377786040306091309e-01,3.199876070022583008e+00,3.813792169094085693e-01,3.374519050121307373e-01,6.182059645652770996e-01,5.530883789062500000e+00,6.540114879608154297e-01,5.351640582084655762e-01,6.336414068937301636e-02,7.775169069645926356e-05
-3.347132873535156250e+02,9.995039062500000000e+02,6.475858306884765625e+01,8.106854003906250000e+03,6.273004531860351562e+01,9.979594116210937500e+02,5.042168807983398438e+01,3.287920837402343750e+02,1.140915966033935547e+01,1.378090698242187500e+03,1.594104290008544922e+01,6.141688232421875000e+02,5.767117977142333984e+00,3.561963195800781250e+02,-1.093401145935058594e+01,2.227129364013671875e+02,-6.636232852935791016e+00,3.880373535156250000e+02,-1.103405857086181641e+01,4.273615112304687500e+02,-1.687924957275390625e+01,1.080692749023437500e+02,-1.341867566108703613e+00,1.850718841552734375e+02,-5.038810253143310547e+00,6.061182022094726562e+01,1.904385447502136230e+00,9.102025604248046875e+01,-8.889551162719726562e+00,4.050016479492187500e+02,-3.365030765533447266e+00,5.430157089233398438e+01,-1.920734196901321411e-01,8.685410499572753906e+00,-4.887735843658447266e+00,2.145747756958007812e+01,-1.379193663597106934e+00,4.267962646484375000e+01,2.764293551445007324e-01,2.347191429138183594e+01,-2.324075460433959961e+00,7.563562870025634766e+00,-1.600938588380813599e-01,2.451835823059082031e+01,1.672078818082809448e-01,3.144632530212402344e+01,-1.318826913833618164e+00,8.894581794738769531e+00,6.742830276489257812e-01,6.969360351562500000e+00,-4.200612008571624756e-01,1.490357398986816406e+00,-1.449403762817382812e+00,1.192934322357177734e+01,-6.996404528617858887e-01,9.721379089355468750e+01,-1.335324883460998535e+00,1.303202533721923828e+01,-6.557455658912658691e-01,1.281381988525390625e+01,1.922272592782974243e-01,3.467307662963867188e+01,-2.868423461914062500e-01,2.109346389770507812e+01,5.258909463882446289e-01,6.041656017303466797e+00,5.376575589179992676e-01,3.169853448867797852e+00,3.001834452152252197e-01,6.578265666961669922e+00,3.619149029254913330e-01,7.926314353942871094e+00,4.770237505435943604e-01,4.630220830440521240e-01,1.376371681690216064e-01,2.353857755661010742e+00,2.215899676084518433e-01,1.799017667770385742e+00,6.126300245523452759e-02,6.282467511482536793e-04
-3.626336059570312500e+02,4.226834960937500000e+03,1.010178833007812500e+02,6.581038574218750000e+03,5.984046173095703125e+01,2.243266601562500000e+03,2.552415084838867188e+01,6.269761962890625000e+02,1.080722999572753906e+01,2.348357543945312500e+02,8.314728736877441406e+00,3.849168701171875000e+02,1.071218013763427734e+01,3.490284118652343750e+02,4.719094038009643555e-01,6.397527313232421875e+01,-1.239971446990966797e+01,9.835578918457031250e+01,-1.900551605224609375e+01,2.449257202148437500e+02,-1.929662704467773438e+01,2.329915313720703125e+02,-1.671678924560546875e+01,1.963101196289062500e+02,-1.379897880554199219e+01,1.185347900390625000e+02,1.523245048522949219e+01,5.285090637207031250e+01,1.861023139953613281e+01,1.019729614257812500e+02,8.925370216369628906e+00,7.319051361083984375e+01,1.085753917694091797e+00,2.569060325622558594e+01,1.123225331306457520e+00,2.174576997756958008e+00,4.446710586547851562e+00,6.480832576751708984e+00,3.427266120910644531e+00,1.256520652770996094e+01,5.620037913322448730e-01,1.212014198303222656e+00,-2.633405208587646484e+00,1.679763317108154297e+00,-4.160119056701660156e+00,2.231912374496459961e+00,-3.624141216278076172e+00,2.373894691467285156e+00,-2.621416091918945312e+00,5.674921512603759766e+00,-1.298870325088500977e+00,6.320254325866699219e+00,-5.515674948692321777e-01,5.003164291381835938e+01,-1.105766057968139648e+00,8.338857269287109375e+01,-1.268990159034729004e+00,4.189120864868164062e+01,-4.810278713703155518e-01,1.687828254699707031e+01,2.548001706600189209e-01,4.766967296600341797e+00,7.503708600997924805e-01,2.924467802047729492e+00,6.382758021354675293e-01,5.358669281005859375e+00,-8.176286704838275909e-03,1.186839222908020020e+00,-4.047296941280364990e-01,3.907850682735443115e-01,-2.290105223655700684e-01,1.137234210968017578e+00,1.192560046911239624e-01,2.127603292465209961e+00,4.298590123653411865e-01,3.383776426315307617e+00,4.754485487937927246e-01,2.898506402969360352e+00,5.386652424931526184e-02,1.123076421208679676e-03
-3.262587585449218750e+02,1.136170898437500000e+03,9.272655487060546875e+01,1.318013183593750000e+03,7.273452758789062500e+01,4.585296630859375000e+02,6.048807525634765625e+01,3.516922607421875000e+02,5.198054504394531250e+01,1.892976989746093750e+02,3.877860260009765625e+01,7.079836273193359375e+01,2.169521713256835938e+01,7.481180572509765625e+01,3.627675056457519531e+00,3.747905578613281250e+02,-9.970388412475585938e+00,5.237286987304687500e+02,-1.176128578186035156e+01,2.083363342285156250e+02,-6.571875572204589844e+00,6.262865447998046875e+01,-6.987458705902099609e+00,1.493717041015625000e+02,-1.209104442596435547e+01,1.083799438476562500e+02,-1.077256584167480469e+01,3.862429618835449219e+00,-1.169104862213134766e+01,7.306647300720214844e+00,-5.344671726226806641e+00,2.272899246215820312e+01,-2.441965103149414062e+00,3.086179733276367188e+01,-2.750257968902587891e+00,1.300313758850097656e+01,-2.099528551101684570e+00,3.134832382202148438e+00,1.046687364578247070e+00,4.581365108489990234e+00,4.800486564636230469e+00,1.008221530914306641e+01,6.376412868499755859e+00,7.508257865905761719e+00,4.364959716796875000e+00,8.894317150115966797e-01,7.147448658943176270e-01,4.048031806945800781e+00,-8.626112937927246094e-01,1.109286880493164062e+01,9.059596061706542969e-02,7.886326789855957031e+00,-1.351201832294464111e-01,1.853832006454467773e+00,-6.703126430511474609e-01,2.343869686126708984e+00,-1.519921779632568359e+00,5.364356994628906250e+00,-1.718676924705505371e+00,8.150039672851562500e+00,-1.130563139915466309e+00,3.305819034576416016e+00,-5.923508405685424805e-01,7.949480414390563965e-01,-6.229074001312255859e-01,1.726962447166442871e+00,-8.157570362091064453e-01,4.440474987030029297e+00,-6.543165445327758789e-01,3.239664077758789062e+00,-1.068120449781417847e-01,3.256169557571411133e-01,5.618514418601989746e-01,1.579441428184509277e+00,9.388470053672790527e-01,4.120739459991455078e+00,7.888569831848144531e-01,3.013423442840576172e+00,7.250119745731353760e-02,5.534103838726878166e-04
-3.625292358398437500e+02,2.570613281250000000e+03,4.256592559814453125e+01,6.917577636718750000e+03,4.536951446533203125e+01,9.682758789062500000e+02,3.949704742431640625e+01,7.040918579101562500e+02,1.449938774108886719e+01,1.486091674804687500e+03,3.922748947143554688e+01,7.885327148437500000e+02,2.686007690429687500e+01,2.666065063476562500e+02,-6.586465835571289062e+00,2.145148315429687500e+02,-9.051478385925292969e+00,8.464228515625000000e+02,-1.335930442810058594e+01,6.207385253906250000e+02,-1.585393333435058594e+01,1.184352951049804688e+02,-8.390922546386718750e-01,1.444715576171875000e+02,-5.365179061889648438e+00,4.199411010742187500e+01,3.247877359390258789e+00,1.324174804687500000e+02,-4.879673957824707031e+00,2.988563842773437500e+02,-2.627449035644531250e-01,5.967462539672851562e+01,2.571063518524169922e+00,1.636684417724609375e+01,-3.159831523895263672e+00,6.391331481933593750e+01,5.804975032806396484e-01,4.602927398681640625e+01,1.141023635864257812e+00,1.711008453369140625e+01,-2.062489032745361328e+00,7.493302822113037109e+00,1.215409278869628906e+00,4.149592971801757812e+01,1.222696542739868164e+00,2.997143173217773438e+01,-8.907072544097900391e-01,5.863071441650390625e+00,9.646126031875610352e-01,2.968716382980346680e+00,1.960206031799316406e-01,2.250326633453369141e+00,-1.554508686065673828e+00,1.039430236816406250e+02,-4.383237361907958984e-01,9.365740966796875000e+01,-1.243137836456298828e+00,2.477841377258300781e+01,-6.559863686561584473e-01,9.639955520629882812e+00,-2.930538058280944824e-01,1.557065391540527344e+01,-8.391482830047607422e-01,2.604692077636718750e+01,-2.401252388954162598e-01,8.482633590698242188e+00,-2.316390872001647949e-01,4.381472587585449219e+00,4.555869102478027344e-02,1.511516952514648438e+01,2.530464529991149902e-01,1.160282707214355469e+01,2.253679037094116211e-01,4.289314270019531250e+00,-2.006733417510986328e-02,2.088993787765502930e+00,1.458496451377868652e-01,8.365306258201599121e-01,4.358333721756935120e-02,6.574179278686642647e-04
-3.424605712890625000e+02,6.013915405273437500e+02,6.456293487548828125e+01,8.381618041992187500e+02,5.667784118652343750e+01,6.033798828125000000e+02,5.305573654174804688e+01,5.640313720703125000e+02,4.446909713745117188e+01,4.130762634277343750e+02,2.978604888916015625e+01,1.548592071533203125e+02,1.915158462524414062e+01,9.572953033447265625e+01,1.205078411102294922e+01,4.936437988281250000e+01,1.979341864585876465e+00,6.551287078857421875e+01,-6.868203639984130859e+00,1.510682678222656250e+02,-9.464095115661621094e+00,1.086240463256835938e+02,-1.077674579620361328e+01,8.995611572265625000e+01,-1.320987224578857422e+01,1.065018234252929688e+02,1.094128966331481934e+00,2.861327552795410156e+01,1.469159722328186035e+00,4.235891723632812500e+01,1.363371014595031738e+00,3.147947883605957031e+01,1.327100276947021484e+00,2.670660972595214844e+01,1.215328574180603027e+00,1.794194602966308594e+01,9.818509221076965332e-01,6.857945919036865234e+00,7.940027117729187012e-01,3.892695665359497070e+00,6.708809733390808105e-01,1.707565784454345703e+00,4.682075977325439453e-01,3.475600242614746094e+00,2.261768132448196411e-01,7.962598800659179688e+00,8.917018026113510132e-02,6.147225856781005859e+00,-9.510517120361328125e-04,5.390149593353271484e+00,-1.480003148317337036e-01,5.808149337768554688e+00,-5.710132718086242676e-01,1.423755931854248047e+01,-7.205500006675720215e-01,2.266004943847656250e+01,-6.021268963813781738e-01,1.833515930175781250e+01,-5.574616789817810059e-01,1.361253070831298828e+01,-4.338150322437286377e-01,9.022454261779785156e+00,-2.030415534973144531e-01,4.791334152221679688e+00,-5.331103131175041199e-02,2.914379119873046875e+00,1.030838489532470703e-02,7.184979319572448730e-01,1.340789049863815308e-01,1.109277486801147461e+00,2.552108168601989746e-01,3.023781538009643555e+00,2.451219111680984497e-01,2.032386541366577148e+00,1.961706131696701050e-01,1.535738587379455566e+00,2.024738937616348267e-01,1.572804570198059082e+00,6.037703156471252441e-02,6.112246192060410976e-04
-3.399198913574218750e+02,1.666943603515625000e+03,8.682242584228515625e+01,4.504056152343750000e+03,6.063763046264648438e+01,1.956733032226562500e+03,5.580048370361328125e+01,8.111751708984375000e+02,4.067552947998046875e+01,3.575867004394531250e+02,2.134941864013671875e+01,1.339359008789062500e+03,1.766043472290039062e+01,5.552285156250000000e+02,6.389422893524169922e+00,5.520630493164062500e+02,-1.378316020965576172e+01,4.451726684570312500e+02,-1.347234058380126953e+01,2.626628417968750000e+02,-1.047745323181152344e+01,6.647356414794921875e+01,-5.585848808288574219e+00,1.830425415039062500e+02,-1.355382728576660156e+01,2.850060844421386719e+01,3.598112344741821289e+00,5.125329971313476562e+01,4.932831287384033203e+00,2.289637603759765625e+02,4.054490566253662109e+00,9.726711273193359375e+01,2.693100690841674805e+00,3.605423736572265625e+01,1.536085009574890137e+00,2.051836585998535156e+01,5.879648327827453613e-01,5.808909606933593750e+01,-8.930303901433944702e-02,2.566906547546386719e+01,-4.391778111457824707e-01,2.300294876098632812e+01,-5.603542923927307129e-01,2.159057426452636719e+01,-5.174043774604797363e-01,1.187340354919433594e+01,-6.278304457664489746e-01,2.954248905181884766e+00,-7.336915135383605957e-01,1.015506744384765625e+01,-6.223726272583007812e-01,9.286156296730041504e-01,-6.964930891990661621e-01,1.166598224639892578e+01,-7.897837162017822266e-01,1.273805007934570312e+02,-5.459247827529907227e-01,3.461969375610351562e+01,-3.475961387157440186e-01,2.492583084106445312e+01,-4.359111562371253967e-02,8.690015792846679688e+00,1.399758309125900269e-01,2.394457435607910156e+01,1.389062702655792236e-01,4.965623855590820312e+00,7.799907773733139038e-02,1.948440361022949219e+01,1.735527068376541138e-02,1.066932487487792969e+01,7.012317888438701630e-03,7.715964317321777344e+00,-2.475629188120365143e-02,1.796456336975097656e+00,6.849647033959627151e-03,4.134753227233886719e+00,1.073321998119354248e-01,5.352157354354858398e-01,6.225308775901794434e-02,5.634654080495238304e-04
-4.131778869628906250e+02,1.867051391601562500e+03,-3.036715507507324219e+00,8.418865234375000000e+03,6.080659103393554688e+01,1.070902465820312500e+03,7.216082763671875000e+01,8.060097656250000000e+02,2.784538030624389648e+00,2.682347900390625000e+03,4.117747497558593750e+01,4.310443420410156250e+02,2.638905906677246094e+01,1.590356750488281250e+02,-7.204451560974121094e+00,2.662137756347656250e+02,9.355506896972656250e+00,2.070538940429687500e+02,2.491113185882568359e+00,2.599311828613281250e+02,-2.018560409545898438e+01,7.565028381347656250e+01,3.428344011306762695e+00,3.295233459472656250e+02,-1.123302459716796875e+01,1.025936050415039062e+02,-3.524134874343872070e+00,1.126151199340820312e+02,-6.212777614593505859e+00,2.888301696777343750e+02,-4.870502471923828125e+00,1.803468894958496094e+01,-4.283140659332275391e+00,2.494163131713867188e+01,-4.163722991943359375e+00,8.592163848876953125e+01,-2.465702772140502930e+00,1.098267078399658203e+01,-1.556541323661804199e+00,4.002309322357177734e+00,-1.248544454574584961e+00,1.025996398925781250e+01,-1.487206202000379562e-02,4.747403621673583984e+00,8.255739808082580566e-01,7.754118442535400391e+00,6.768831014633178711e-01,3.250079870223999023e+00,1.131756424903869629e+00,9.828460693359375000e+00,1.446217179298400879e+00,1.626333355903625488e+00,-5.836028456687927246e-01,4.796788406372070312e+01,6.099216341972351074e-01,2.778061828613281250e+02,-3.633170202374458313e-02,9.030561447143554688e+00,-2.895135581493377686e-01,4.813438892364501953e+00,3.738964200019836426e-01,8.051103210449218750e+01,-4.725481942296028137e-02,6.155609607696533203e+00,-8.428124338388442993e-02,1.254637122154235840e+00,2.669376134872436523e-01,5.172710418701171875e+00,-1.782139204442501068e-02,6.454377651214599609e+00,-5.233560875058174133e-02,8.386908531188964844e+00,2.511564493179321289e-01,8.168477416038513184e-01,-3.935205191373825073e-02,9.783409118652343750e+00,-3.154158219695091248e-02,1.362463235855102539e+00,3.583637252449989319e-02,1.729671930661424994e-04
-2.889285888671875000e+02,1.670618408203125000e+03,1.202455902099609375e+02,1.973159423828125000e+03,7.304787445068359375e+01,3.982460632324218750e+02,2.998749160766601562e+01,4.937455139160156250e+02,1.059493446350097656e+01,7.329337158203125000e+02,1.451908683776855469e+01,3.200559082031250000e+02,2.460721969604492188e+01,5.135755157470703125e+01,2.184018325805664062e+01,2.474963378906250000e+01,5.386584281921386719e+00,2.925586509704589844e+01,-9.279036521911621094e+00,1.242609863281250000e+02,-1.102799129486083984e+01,9.448865509033203125e+01,-1.368532657623291016e+00,1.039792633056640625e+01,1.060467147827148438e+01,4.532408523559570312e+01,5.253965854644775391e+00,2.884959793090820312e+01,7.381786346435546875e+00,3.220498657226562500e+01,7.211962699890136719e+00,2.483655929565429688e+00,6.798244476318359375e+00,5.116312503814697266e+00,5.955891609191894531e+00,1.079918956756591797e+01,4.631558418273925781e+00,4.017841339111328125e+00,2.996994733810424805e+00,9.541971981525421143e-02,1.390531778335571289e+00,2.338261902332305908e-01,1.896650493144989014e-01,2.575428485870361328e-01,-4.325101971626281738e-01,2.061896085739135742e+00,-6.664292216300964355e-01,1.704483985900878906e+00,-8.499377369880676270e-01,8.506783097982406616e-02,-1.122554540634155273e+00,7.915685772895812988e-01,-6.017154216766357422e+00,8.515095710754394531e+00,-6.324697017669677734e+00,1.124101543426513672e+01,-1.565906763076782227e+00,4.172034740447998047e+00,2.416002988815307617e+00,4.020392417907714844e+00,3.628688812255859375e+00,4.527771949768066406e+00,2.195824146270751953e+00,2.280471086502075195e+00,6.315848976373672485e-02,6.238504648208618164e-01,-5.247183442115783691e-01,1.272820532321929932e-01,5.705380439758300781e-01,7.215637713670730591e-02,1.605144500732421875e+00,5.356485843658447266e-01,1.449879884719848633e+00,4.530176520347595215e-01,3.182106018066406250e-01,9.192226827144622803e-02,-9.771884083747863770e-01,2.663667798042297363e-01,8.326919376850128174e-02,2.469448954798281193e-04
-3.496007080078125000e+02,2.174291381835937500e+02,1.082714080810546875e+02,2.823334655761718750e+02,9.416368103027343750e+01,8.569978332519531250e+01,7.837998962402343750e+01,1.598145484924316406e+01,6.278759384155273438e+01,2.898634910583496094e+00,4.639286041259765625e+01,9.545138359069824219e+00,2.854001426696777344e+01,3.860223007202148438e+01,9.708926200866699219e+00,1.317802429199218750e+02,-6.483422279357910156e+00,2.844174194335937500e+02,-1.457782936096191406e+01,2.842269287109375000e+02,-1.420121002197265625e+01,1.278960189819335938e+02,-1.113920688629150391e+01,4.029612731933593750e+01,-9.446081161499023438e+00,1.418949699401855469e+01,4.145736694335937500e+00,2.422355413436889648e-01,5.089705944061279297e+00,3.005734384059906006e-01,3.320600032806396484e+00,7.730003446340560913e-02,1.593371391296386719e+00,9.594206698238849640e-03,3.934543132781982422e-01,4.222366027534008026e-03,-6.123651266098022461e-01,3.452745825052261353e-02,-1.976645708084106445e+00,1.060863286256790161e-01,-3.711121559143066406e+00,2.587352097034454346e-01,-5.073052406311035156e+00,4.576007127761840820e-01,-5.214763641357421875e+00,4.069303572177886963e-01,-4.107460021972656250e+00,1.541543155908584595e-01,-2.603161811828613281e+00,3.524163737893104553e-02,-1.517400264739990234e+00,1.130530796945095062e-02,-7.950063943862915039e-01,1.375692844390869141e+00,-8.601506352424621582e-01,1.999996423721313477e+00,-3.836309313774108887e-01,7.816838026046752930e-01,-8.232177793979644775e-02,1.703152358531951904e-01,1.111565679311752319e-01,1.356087252497673035e-02,3.283909857273101807e-01,2.187997847795486450e-02,5.524229407310485840e-01,2.523735165596008301e-01,8.418447375297546387e-01,9.811456203460693359e-01,1.116863250732421875e+00,1.951539635658264160e+00,1.034126162528991699e+00,2.046782255172729492e+00,5.826568007469177246e-01,1.166316270828247070e+00,2.175139188766479492e-01,4.234003424644470215e-01,1.196665167808532715e-01,1.503841280937194824e-01,6.728282570838928223e-02,1.054616222972981632e-04
-3.119996032714843750e+02,1.852282714843750000e+03,1.018238983154296875e+02,1.778259277343750000e+03,6.619454193115234375e+01,2.405633239746093750e+02,3.720563125610351562e+01,9.966846923828125000e+02,2.544922637939453125e+01,1.045311767578125000e+03,2.528566360473632812e+01,3.292828369140625000e+02,2.450165939331054688e+01,4.665700149536132812e+01,1.350699710845947266e+01,4.782053756713867188e+01,-3.984565258026123047e+00,2.485574493408203125e+02,-1.310603523254394531e+01,3.631387939453125000e+02,-7.282064437866210938e+00,8.834691619873046875e+01,3.207602024078369141e+00,2.519179382324218750e+02,6.725690364837646484e+00,4.139924926757812500e+02,1.943353414535522461e+00,1.306885681152343750e+02,2.988237142562866211e+00,1.240468215942382812e+02,3.386465549468994141e+00,1.563649892807006836e+00,3.377502202987670898e+00,4.122642135620117188e+01,2.756727695465087891e+00,5.269023895263671875e+01,1.761510014533996582e+00,1.638282966613769531e+01,7.927907705307006836e-01,1.069874644279479980e+00,1.278975456953048706e-01,2.371028423309326172e+00,-3.020561039447784424e-01,2.106072044372558594e+01,-8.219138383865356445e-01,2.997581100463867188e+01,-1.546473979949951172e+00,4.422312259674072266e+00,-2.163012504577636719e+00,6.827128410339355469e+00,-2.315376996994018555e+00,1.604490470886230469e+01,-9.963784813880920410e-01,5.495240020751953125e+01,-1.082051396369934082e+00,5.247853469848632812e+01,-3.869210481643676758e-01,1.838243961334228516e+00,1.600309312343597412e-01,1.804490852355957031e+01,3.264652490615844727e-01,2.092683029174804688e+01,2.355230003595352173e-01,5.441782951354980469e+00,1.535413563251495361e-01,3.941418528556823730e-01,2.745245099067687988e-01,4.879743456840515137e-01,5.241476297378540039e-01,5.373756408691406250e+00,6.036024689674377441e-01,9.546814918518066406e+00,3.709583580493927002e-01,2.078066587448120117e+00,4.118135198950767517e-02,4.165038108825683594e+00,-1.117404773831367493e-01,7.034477710723876953e+00,6.445227563381195068e-02,3.432319208513945341e-04
-3.425155944824218750e+02,4.626086425781250000e+03,1.239606933593750000e+02,5.355890625000000000e+03,4.901243591308593750e+01,7.521862792968750000e+02,1.423332214355468750e+01,8.372838134765625000e+02,1.021467113494873047e+01,6.515770874023437500e+02,1.522901058197021484e+01,3.545379638671875000e+02,1.719231033325195312e+01,3.309814147949218750e+02,3.608617305755615234e+00,1.879503326416015625e+02,-1.676850128173828125e+01,1.530337371826171875e+02,-2.393893241882324219e+01,3.363082275390625000e+02,-1.387456607818603516e+01,2.831848449707031250e+02,-9.174981713294982910e-01,3.522600402832031250e+02,4.214705944061279297e+00,1.523588714599609375e+02,-1.310292434692382812e+01,1.502627258300781250e+02,-1.516466045379638672e+01,1.301887817382812500e+02,-6.552424430847167969e+00,3.606048583984375000e+00,2.050332129001617432e-01,3.660205459594726562e+01,-3.015208542346954346e-01,2.266131401062011719e+01,-3.130802869796752930e+00,5.731548309326171875e+00,-3.479345560073852539e+00,1.157041263580322266e+01,-1.825152158737182617e+00,5.718232631683349609e+00,1.169569134712219238e+00,7.548147678375244141e+00,3.404686689376831055e+00,7.753710746765136719e+00,3.095320701599121094e+00,5.352693557739257812e+00,1.668385744094848633e+00,1.598061180114746094e+01,1.549996435642242432e-01,7.453405380249023438e+00,-1.179985404014587402e+00,4.832989883422851562e+01,-1.019985914230346680e+00,4.332736206054687500e+01,-1.808466911315917969e-01,5.840998649597167969e+00,-8.718416839838027954e-02,3.048699378967285156e+01,-1.040628850460052490e-01,2.295494651794433594e+01,5.462851747870445251e-02,7.764659404754638672e+00,2.356411367654800415e-01,5.198866844177246094e+00,3.976301848888397217e-01,1.463268399238586426e+00,3.107289373874664307e-01,2.233281135559082031e+00,4.922034591436386108e-02,3.960653543472290039e+00,-8.045122958719730377e-03,2.865571022033691406e+00,1.288504991680383682e-02,1.003962612152099609e+01,-2.047647386789321899e-01,4.984865665435791016e+00,5.657409504055976868e-02,1.128807314671576023e-03
-3.715018615722656250e+02,6.690336914062500000e+02,5.789947128295898438e+01,1.236591552734375000e+03,5.388528823852539062e+01,1.038908447265625000e+03,4.883135986328125000e+01,8.361806030273437500e+02,4.180350494384765625e+01,5.853900756835937500e+02,3.268143081665039062e+01,3.218585510253906250e+02,2.355489540100097656e+01,1.480874938964843750e+02,1.538258552551269531e+01,5.710298538208007812e+01,7.161233425140380859e+00,2.144577598571777344e+01,-6.984766721725463867e-01,4.279530715942382812e+01,-6.326794147491455078e+00,7.450559997558593750e+01,-9.824989318847656250e+00,8.759246063232421875e+01,-1.265804576873779297e+01,1.051045761108398438e+02,7.303920745849609375e+00,1.047161674499511719e+01,1.001851081848144531e+01,1.928284072875976562e+01,9.264846801757812500e+00,1.642137336730957031e+01,8.252160072326660156e+00,1.404077243804931641e+01,6.884845256805419922e+00,1.065754508972167969e+01,5.185326576232910156e+00,6.377434730529785156e+00,3.478338479995727539e+00,3.391247272491455078e+00,1.934247255325317383e+00,1.757191777229309082e+00,4.533850550651550293e-01,5.707673430442810059e-01,-8.805391192436218262e-01,1.211808696389198303e-01,-1.798157930374145508e+00,3.036336600780487061e-01,-2.309801101684570312e+00,5.333305597305297852e-01,-2.621502399444580078e+00,9.498925805091857910e-01,-1.117578268051147461e+00,9.349421501159667969e+00,-1.516721487045288086e+00,1.687687492370605469e+01,-1.405100107192993164e+00,1.375865173339843750e+01,-1.313451409339904785e+00,1.118618869781494141e+01,-1.160767197608947754e+00,7.746857643127441406e+00,-9.146793484687805176e-01,3.834929227828979492e+00,-6.864017248153686523e-01,1.546030998229980469e+00,-5.126605033874511719e-01,6.049789190292358398e-01,-3.028064370155334473e-01,3.231759667396545410e-01,-6.394779682159423828e-02,8.750724792480468750e-01,9.379185736179351807e-02,1.446073412895202637e+00,1.830286830663681030e-01,1.526857256889343262e+00,2.997590005397796631e-01,1.762736082077026367e+00,4.972318559885025024e-02,6.430911016650497913e-04
-3.665141296386718750e+02,7.786094360351562500e+02,6.024901580810546875e+01,2.157029052734375000e+03,5.668788528442382812e+01,1.172837524414062500e+03,5.580130767822265625e+01,6.193011474609375000e+02,3.793500137329101562e+01,5.832860717773437500e+02,2.672515869140625000e+01,3.397485656738281250e+02,1.575925350189208984e+01,1.122335586547851562e+02,8.412262916564941406e+00,9.526399993896484375e+01,1.235629200935363770e+00,3.228919982910156250e+02,-7.163632392883300781e+00,1.120867080688476562e+02,-8.857165575027465820e-01,6.805609893798828125e+01,-8.416543602943420410e-01,7.730887603759765625e+01,-8.340289115905761719e+00,1.038889408111572266e+01,5.866162776947021484e+00,3.194507789611816406e+01,1.247156739234924316e+00,1.566407165527343750e+02,6.115840911865234375e+00,5.842548370361328125e+01,4.910592079162597656e+00,3.484160614013671875e+01,7.361422777175903320e-01,4.737213516235351562e+01,6.244030952453613281e+00,2.480599641799926758e+00,2.628146648406982422e+00,5.424857735633850098e-01,3.759212195873260498e-01,1.943394988775253296e-01,4.354109287261962891e+00,1.187492084503173828e+01,9.655472636222839355e-01,3.901664018630981445e+00,3.862237930297851562e-01,3.155272006988525391e+00,2.005397319793701172e+00,4.112797737121582031e+00,-2.728056609630584717e-01,1.958273351192474365e-01,-2.293375015258789062e+00,1.234330558776855469e+01,-5.159380912780761719e+00,5.367312240600585938e+01,-3.066965103149414062e+00,2.358223152160644531e+01,-2.394498109817504883e+00,1.176244258880615234e+01,-2.848664999008178711e+00,1.437885570526123047e+01,-3.631223142147064209e-01,2.621800661087036133e+00,-1.340824067592620850e-01,6.558877229690551758e-01,-6.490971427410840988e-03,3.129499852657318115e-01,1.387871146202087402e+00,4.425817966461181641e+00,7.920330762863159180e-01,2.024251222610473633e+00,7.073820829391479492e-01,1.347061395645141602e+00,8.255782127380371094e-01,1.171664595603942871e+00,1.907116323709487915e-01,1.668742895126342773e-01,4.768983647227287292e-02,3.596416208893060684e-04
-3.003783264160156250e+02,1.564369049072265625e+02,1.309443283081054688e+01,5.281139160156250000e+03,4.950870895385742188e+01,4.239678649902343750e+02,5.554674530029296875e+01,1.662424621582031250e+02,1.104200839996337891e+01,2.452049072265625000e+03,3.594898986816406250e+01,1.641861915588378906e+01,2.174702644348144531e+01,1.662007446289062500e+02,-1.526777863502502441e+00,4.402799377441406250e+02,1.164657306671142578e+01,7.358318328857421875e+01,-2.056441783905029297e+00,4.479958724975585938e+01,-1.626998901367187500e+01,3.772040939331054688e+01,-3.303188323974609375e+00,2.633934936523437500e+02,-1.548106861114501953e+01,7.714135742187500000e+01,-2.948349237442016602e+00,1.323426365852355957e+00,1.681412696838378906e+01,8.401065826416015625e+01,4.738641738891601562e+00,5.937889099121093750e+00,2.520100355148315430e+00,5.190988540649414062e+00,1.159248542785644531e+01,3.853878784179687500e+01,4.519644379615783691e-01,5.488855838775634766e-01,2.794083595275878906e+00,4.112694740295410156e+00,4.720528125762939453e+00,4.576164722442626953e+00,-1.367507696151733398e+00,1.760609149932861328e+00,-1.474071890115737915e-01,1.056802988052368164e+00,9.862366914749145508e-01,1.991758584976196289e+00,-3.088110208511352539e+00,6.453979492187500000e+00,-9.547102451324462891e-01,3.307586669921875000e+00,-1.653552204370498657e-01,1.418766498565673828e+00,-7.078940868377685547e-01,6.421047973632812500e+01,-1.346950531005859375e-01,4.979909896850585938e+00,-4.064082503318786621e-01,2.197668790817260742e+00,-4.880343675613403320e-01,2.952552604675292969e+01,2.395451664924621582e-01,1.394644379615783691e-01,-3.695437610149383545e-01,1.951669096946716309e+00,1.811189353466033936e-01,5.277104377746582031e+00,1.822567582130432129e-01,1.402085781097412109e+00,9.633316099643707275e-02,1.486173033714294434e+00,4.533317983150482178e-01,2.894053161144256592e-01,2.924906313419342041e-01,4.808273792266845703e+00,2.990647554397583008e-01,2.025519847869873047e+00,6.587891280651092529e-02,3.159310435876250267e-04
-5.625065917968750000e+02,1.710859527587890625e+02,1.133604354858398438e+02,5.258005142211914062e+01,1.004554138183593750e+02,9.709341049194335938e+00,9.795556640625000000e+01,6.643509674072265625e+01,7.004260253906250000e+01,6.412387847900390625e+00,4.979078292846679688e+01,4.067180633544921875e+00,3.591148757934570312e+01,1.022504210472106934e+00,1.196700763702392578e+01,3.203773117065429688e+01,-4.034852504730224609e+00,9.586010742187500000e+01,-1.264302730560302734e+01,6.268338012695312500e+01,-1.180949115753173828e+01,1.878895950317382812e+01,-1.046637058258056641e+01,1.360744190216064453e+01,-1.760106849670410156e+01,3.430430984497070312e+01,2.786345243453979492e+00,1.056454777717590332e-01,2.512104034423828125e+00,1.380165666341781616e-02,1.043737530708312988e+00,2.909724367782473564e-03,1.763551592826843262e+00,4.057012870907783508e-02,9.988957047462463379e-01,5.979117122478783131e-04,-7.724961638450622559e-01,5.510280025191605091e-04,-2.834698855876922607e-01,4.698981065303087234e-04,-1.349009871482849121e+00,1.804256439208984375e-02,-3.226081132888793945e+00,3.038237430155277252e-02,-2.289566993713378906e+00,2.730338089168071747e-02,-1.509595394134521484e+00,4.818564746528863907e-03,-1.444277405738830566e+00,1.418306492269039154e-03,-1.533868193626403809e+00,1.739667356014251709e-02,-9.100222587585449219e-01,3.248446881771087646e-01,-2.870155870914459229e-01,2.604002058506011963e-01,-1.361690908670425415e-01,4.497864842414855957e-02,-5.633795261383056641e-01,1.300428509712219238e-01,-6.202995777130126953e-03,4.109226539731025696e-02,4.010730236768722534e-02,2.458585798740386963e-02,-5.882307887077331543e-02,3.330620005726814270e-03,3.728621900081634521e-01,7.580403238534927368e-02,4.453358948230743408e-01,4.298397302627563477e-01,4.452627003192901611e-01,2.171095609664916992e-01,1.684992313385009766e-01,9.402614831924438477e-02,-3.821445629000663757e-02,8.591403812170028687e-02,3.621251583099365234e-01,9.770268201828002930e-02,2.724151313304901123e-02,1.010710911941714585e-05
-3.059641113281250000e+02,2.580232421875000000e+03,7.237358093261718750e+01,3.128289062500000000e+03,4.409578704833984375e+01,9.367869873046875000e+02,3.732489013671875000e+01,5.844598999023437500e+02,2.712458610534667969e+01,6.976202392578125000e+02,2.192538642883300781e+01,2.957827453613281250e+02,1.980448913574218750e+01,1.495032653808593750e+02,5.057278156280517578e+00,2.095173950195312500e+02,-4.310519218444824219e+00,2.700620422363281250e+02,-3.031006813049316406e+00,1.844510192871093750e+02,1.162423729896545410e+00,3.625587844848632812e+01,4.058982849121093750e+00,1.083117599487304688e+02,7.074960470199584961e-01,1.822250061035156250e+02,-5.416691899299621582e-01,2.053592529296875000e+02,5.290632843971252441e-01,2.483504638671875000e+02,5.306359529495239258e-01,6.781976318359375000e+01,-5.615838766098022461e-01,4.319976806640625000e+01,5.252110362052917480e-01,4.395541381835937500e+01,5.739759802818298340e-01,2.074076461791992188e+01,-3.764687478542327881e-01,6.093819141387939453e+00,4.301246702671051025e-01,7.320334911346435547e+00,3.778025209903717041e-01,1.566286659240722656e+01,-2.355270385742187500e-01,1.151793384552001953e+01,2.184020727872848511e-01,7.094321250915527344e-01,6.754243373870849609e-02,6.704400539398193359e+00,-1.971842050552368164e-01,1.004148578643798828e+01,-6.199146509170532227e-01,2.989009094238281250e+01,-7.103571295738220215e-01,3.571276855468750000e+01,-6.882113218307495117e-01,1.531452655792236328e+01,-6.713833212852478027e-01,1.442893123626708984e+01,-4.782105684280395508e-01,9.603154182434082031e+00,-4.389967620372772217e-01,2.605871200561523438e+00,-3.978547453880310059e-01,3.677378416061401367e+00,-2.297931611537933350e-01,8.137479782104492188e+00,-2.461051940917968750e-01,7.566196918487548828e+00,-1.712223738431930542e-01,3.952023267745971680e+00,-8.431065082550048828e-02,9.590755701065063477e-01,-1.384829282760620117e-01,3.106575489044189453e+00,-6.205967068672180176e-02,4.940146446228027344e+00,5.635461956262588501e-02,9.691314189694821835e-04
-3.340063171386718750e+02,1.298582031250000000e+03,8.486871337890625000e+01,1.558895019531250000e+03,6.270256423950195312e+01,6.113167114257812500e+02,4.673312377929687500e+01,3.979093933105468750e+02,3.489298629760742188e+01,3.473417358398437500e+02,2.447608947753906250e+01,2.573141479492187500e+02,1.713288688659667969e+01,1.546643829345703125e+02,7.123335361480712891e+00,1.035976791381835938e+02,-6.414848327636718750e+00,2.405628662109375000e+02,-1.213227367401123047e+01,2.503629150390625000e+02,-8.423144340515136719e+00,1.017220001220703125e+02,-5.736649036407470703e+00,4.935996627807617188e+01,-4.667529106140136719e+00,2.089304161071777344e+01,5.420878410339355469e+00,8.446099853515625000e+01,7.192440032958984375e+00,9.435649108886718750e+01,6.316038131713867188e+00,1.685368728637695312e+01,5.613816261291503906e+00,7.961265444755554199e-01,4.859754562377929688e+00,1.131871104240417480e+00,3.916129350662231445e+00,3.198749303817749023e+00,2.943194627761840820e+00,2.556625843048095703e+00,1.833982467651367188e+00,4.523314476013183594e+00,7.122465372085571289e-01,1.821339225769042969e+01,1.307860314846038818e-01,2.124329376220703125e+01,4.293052107095718384e-02,7.276583194732666016e+00,-1.303892135620117188e-01,2.067927598953247070e+00,-3.909499645233154297e-01,3.230758309364318848e-01,-1.228777766227722168e+00,2.808287429809570312e+01,-1.384363055229187012e+00,2.944610977172851562e+01,-7.945046424865722656e-01,6.286585807800292969e+00,-4.762047827243804932e-01,2.063299417495727539e+00,-2.573428153991699219e-01,2.321352481842041016e+00,-2.525029145181179047e-02,2.746365308761596680e+00,1.181932240724563599e-01,1.376667618751525879e+00,3.424267172813415527e-01,1.471182823181152344e+00,6.393716931343078613e-01,6.657490730285644531e+00,6.101214289665222168e-01,7.609970092773437500e+00,3.031941950321197510e-01,2.937759399414062500e+00,1.665667593479156494e-01,1.476594924926757812e+00,1.584617942571640015e-01,5.033948421478271484e-01,7.692324370145797729e-02,9.935247944667935371e-04
-4.757149658203125000e+02,1.011425018310546875e+02,1.178989486694335938e+02,2.290060043334960938e+01,1.024490509033203125e+02,1.637609481811523438e+01,9.200021362304687500e+01,2.236614608764648438e+01,6.872108459472656250e+01,1.037371158599853516e+00,4.902873992919921875e+01,1.297181320190429688e+01,3.085225296020507812e+01,7.821749210357666016e+00,1.088390350341796875e+01,3.216942977905273438e+01,-4.178183078765869141e+00,1.211820678710937500e+02,-1.342292785644531250e+01,1.878939666748046875e+02,-9.609694480895996094e+00,6.966857910156250000e+01,-8.396501541137695312e+00,5.124390411376953125e+01,-1.482475852966308594e+01,1.158617019653320312e+02,-2.910189330577850342e-01,1.513382643461227417e-01,-1.352550983428955078e+00,6.347079761326313019e-03,-1.608289003372192383e+00,1.620293781161308289e-02,-6.366620957851409912e-02,6.116580218076705933e-02,3.836442232131958008e-01,1.593242399394512177e-03,-1.956511884927749634e-01,6.978910416364669800e-02,-2.848009765148162842e-01,4.093648865818977356e-02,-1.130985975265502930e+00,4.548038914799690247e-02,-3.181568622589111328e+00,1.147424280643463135e-01,-4.064023494720458984e+00,2.793692350387573242e-01,-3.204278230667114258e+00,8.447864651679992676e-02,-3.016646146774291992e+00,3.260647505521774292e-02,-3.303488731384277344e+00,1.762683093547821045e-01,-6.986920833587646484e-01,2.127248421311378479e-02,6.686814129352569580e-03,7.952044159173965454e-02,1.653845608234405518e-01,1.679134219884872437e-01,-4.450583457946777344e-01,8.570220321416854858e-03,-6.102091819047927856e-02,9.494055993854999542e-03,-4.752849042415618896e-01,1.151376403868198395e-02,-3.632158637046813965e-01,1.036444026976823807e-02,3.699157238006591797e-01,1.215937286615371704e-01,5.306020975112915039e-01,8.034238815307617188e-01,8.690092563629150391e-01,1.268846631050109863e+00,4.176086783409118652e-01,6.765233278274536133e-01,1.231217831373214722e-01,5.564879775047302246e-01,6.863807439804077148e-01,8.216717243194580078e-01,4.149987176060676575e-02,1.135594538936857134e-05
-3.409753112792968750e+02,1.785367675781250000e+03,8.748410797119140625e+01,2.941188720703125000e+03,5.028349304199218750e+01,1.078730102539062500e+03,3.975929260253906250e+01,4.826986999511718750e+02,2.625141716003417969e+01,7.039768676757812500e+02,2.292107963562011719e+01,3.203985900878906250e+02,2.351093482971191406e+01,4.985811233520507812e+01,3.885044813156127930e+00,1.330298004150390625e+02,-7.901208400726318359e+00,1.657570648193359375e+02,-5.765051364898681641e+00,1.753621368408203125e+02,-3.992743253707885742e+00,1.031034317016601562e+02,-1.637188434600830078e+00,1.158344497680664062e+02,-2.161433935165405273e+00,1.744972534179687500e+02,5.639221191406250000e+00,9.268746185302734375e+01,1.004156017303466797e+01,9.986014556884765625e+01,7.584834575653076172e+00,4.390844345092773438e+00,2.528484582901000977e+00,9.144324302673339844e+00,3.263760566711425781e+00,2.427947998046875000e+01,2.313969373703002930e+00,1.799363708496093750e+01,-1.166953220963478088e-01,9.758289456367492676e-01,1.657875657081604004e+00,5.353643298149108887e-01,5.822122693061828613e-01,6.758799076080322266e+00,-1.665370583534240723e+00,6.286283969879150391e+00,-7.413992285728454590e-01,6.060694217681884766e+00,-9.967072010040283203e-01,5.597606658935546875e+00,-1.222490191459655762e+00,5.772877216339111328e+00,1.209725216031074524e-01,6.252247619628906250e+01,-4.193658754229545593e-02,7.287272644042968750e+01,-3.069838583469390869e-01,7.617587566375732422e+00,-3.934328854084014893e-01,8.947240829467773438e+00,-6.851378083229064941e-01,7.850648403167724609e+00,-6.917551159858703613e-01,2.886336565017700195e+00,-3.099928200244903564e-01,5.895221829414367676e-01,-2.145579308271408081e-01,1.749026417732238770e+00,-1.559056192636489868e-01,5.165346622467041016e+00,4.822831973433494568e-02,4.857764720916748047e+00,-1.269773095846176147e-01,2.350992202758789062e+00,-1.806254535913467407e-01,2.136722326278686523e+00,1.020731925964355469e-01,3.231234788894653320e+00,6.198535859584808350e-02,5.271330592222511768e-04
-3.343689880371093750e+02,7.420982055664062500e+02,3.259117126464843750e+01,8.940727539062500000e+03,4.332361602783203125e+01,2.288346435546875000e+03,7.155680084228515625e+01,5.514785766601562500e+02,3.473781585693359375e+01,1.756525512695312500e+03,2.548690795898437500e+01,1.371354125976562500e+03,2.533150100708007812e+01,2.958597412109375000e+02,1.267647457122802734e+01,5.863348388671875000e+02,-6.804509162902832031e+00,1.489338073730468750e+02,-4.969935894012451172e+00,3.263564453125000000e+02,-1.936997985839843750e+01,1.393035888671875000e+02,-4.765488147735595703e+00,3.480794372558593750e+02,-1.451087093353271484e+01,8.254325866699218750e+01,-1.638721942901611328e+00,2.529709815979003906e+01,-1.829611396789550781e+01,7.244538116455078125e+01,-4.533188343048095703e+00,6.496387481689453125e+01,3.296401500701904297e+00,2.065370941162109375e+01,-5.728513240814208984e+00,7.767534637451171875e+01,-2.980847835540771484e+00,4.208111953735351562e+01,-5.613820552825927734e-01,1.366756343841552734e+01,-1.640688061714172363e+00,3.264354324340820312e+01,1.406154751777648926e+00,1.282883286476135254e+00,3.141242742538452148e+00,1.892960667610168457e+00,2.506133317947387695e-01,3.677062749862670898e+00,2.462514162063598633e+00,2.328553199768066406e+00,3.859491944313049316e-01,2.597820281982421875e+00,3.888345956802368164e-01,1.119973278045654297e+01,-4.833809137344360352e-01,1.319806213378906250e+02,-9.545405507087707520e-01,7.271954345703125000e+01,-8.447306752204895020e-01,3.636260509490966797e+00,-1.390709757804870605e+00,1.907182502746582031e+01,-1.020607590675354004e+00,5.015106964111328125e+01,6.041334569454193115e-02,6.169486522674560547e+00,5.534003302454948425e-02,1.611976814270019531e+01,-3.279816508293151855e-01,2.968282461166381836e+00,-1.118721812963485718e-01,5.430854320526123047e+00,2.455652654170989990e-01,4.284071445465087891e+00,3.905636668205261230e-01,5.847950458526611328e+00,3.626725077629089355e-01,1.416177868843078613e+00,5.837100371718406677e-02,3.708441217895597219e-04
-3.864258422851562500e+02,1.536381469726562500e+03,7.743666839599609375e+01,3.161961669921875000e+03,5.766140747070312500e+01,1.341150390625000000e+03,4.596994018554687500e+01,6.859584960937500000e+02,2.706825828552246094e+01,5.108686523437500000e+02,1.776682662963867188e+01,5.133374633789062500e+02,2.150802993774414062e+01,3.258019104003906250e+02,7.828072071075439453e+00,9.616386413574218750e+01,-4.686820030212402344e+00,1.129816970825195312e+02,-8.856628417968750000e+00,2.548432922363281250e+02,-1.362783622741699219e+01,1.812667999267578125e+02,-1.275696754455566406e+01,1.407279510498046875e+02,-1.136151885986328125e+01,8.730761718750000000e+01,3.366903305053710938e+00,8.781279754638671875e+01,5.021862506866455078e+00,1.842811279296875000e+02,4.781854152679443359e+00,5.114196777343750000e+01,4.599299430847167969e+00,2.782034158706665039e+00,3.335890531539916992e+00,5.193129062652587891e+00,3.638768911361694336e+00,2.297150135040283203e+00,2.327007532119750977e+00,7.339889526367187500e+00,1.359521985054016113e+00,1.287255048751831055e+00,1.520465016365051270e+00,6.481493473052978516e+00,7.774134874343872070e-01,1.519230175018310547e+01,-5.888785123825073242e-01,8.610639572143554688e+00,-9.151310473680496216e-02,8.195508956909179688e+00,-4.940091073513031006e-01,2.155735254287719727e+00,-2.731093168258666992e-01,3.837674331665039062e+01,-8.582312464714050293e-01,7.497609710693359375e+01,-5.861607789993286133e-01,3.205421066284179688e+01,-2.311365604400634766e-01,7.863978862762451172e+00,-4.691980779170989990e-01,6.187479496002197266e+00,-1.798841059207916260e-01,1.683765172958374023e+00,1.660850495100021362e-01,3.677333116531372070e+00,-1.281484216451644897e-01,5.679855942726135254e-01,2.386685609817504883e-01,1.422316670417785645e+00,4.057641029357910156e-01,3.110013484954833984e+00,9.167842566967010498e-02,4.503483772277832031e+00,3.845688700675964355e-01,2.610334634780883789e+00,3.250814080238342285e-01,2.400775194168090820e+00,4.715773463249206543e-02,4.376423021312803030e-04
-3.790384216308593750e+02,1.357606445312500000e+03,2.182179832458496094e+01,6.958736328125000000e+03,4.638276672363281250e+01,8.206102905273437500e+02,5.684181213378906250e+01,2.623945007324218750e+02,8.192957878112792969e+00,2.230049804687500000e+03,3.135936737060546875e+01,1.081286087036132812e+02,1.970624351501464844e+01,1.214220123291015625e+02,-9.627141952514648438e+00,4.470565185546875000e+02,3.890899181365966797e+00,5.523668212890625000e+02,2.987900972366333008e-01,2.780575561523437500e+02,-8.687708854675292969e+00,1.251564559936523438e+02,8.963590621948242188e+00,1.549530792236328125e+02,-1.628876447677612305e+00,4.189788818359375000e+01,-4.335949420928955078e+00,1.862627410888671875e+01,3.565400362014770508e+00,3.658997802734375000e+02,-1.893432021141052246e+00,4.127803421020507812e+01,-1.641380429267883301e+00,4.991051197052001953e+00,1.059571266174316406e+00,1.132383499145507812e+02,-1.613724589347839355e+00,7.352087974548339844e+00,-1.787868738174438477e-01,5.531344890594482422e+00,-5.512735843658447266e-01,2.970446777343750000e+01,-6.245019435882568359e-01,2.580219459533691406e+01,-2.776012420654296875e-01,1.439472293853759766e+01,-3.495772480964660645e-01,4.296770095825195312e+00,-1.030240178108215332e+00,5.450377941131591797e+00,5.288857221603393555e-01,1.881719827651977539e+00,-2.293087393045425415e-01,1.415452957153320312e+01,1.465068459510803223e-01,1.308479156494140625e+02,-2.259277254343032837e-01,1.238120937347412109e+01,-1.162551939487457275e-01,4.965959548950195312e+00,2.306823432445526123e-01,3.731074142456054688e+01,-3.040566444396972656e-01,1.888419628143310547e+00,5.519424006342887878e-02,1.860888361930847168e+00,2.172844558954238892e-01,8.357296943664550781e+00,-1.821484863758087158e-01,1.251468849182128906e+01,1.068228557705879211e-01,5.036106109619140625e+00,1.602366268634796143e-01,3.359879493713378906e+00,1.145946979522705078e-02,2.453907728195190430e+00,3.305492922663688660e-02,1.263734936714172363e+00,4.057010263204574585e-02,2.083979052258655429e-04
-3.195137023925781250e+02,3.682920898437500000e+03,1.029714965820312500e+02,3.950458740234375000e+03,5.336227416992187500e+01,9.268290405273437500e+02,3.027103614807128906e+01,5.822832641601562500e+02,2.780317687988281250e+01,5.726445922851562500e+02,2.060710716247558594e+01,2.114527435302734375e+02,7.254049777984619141e+00,2.346834564208984375e+01,-7.110285282135009766e+00,7.310779571533203125e+01,-1.942274284362792969e+01,2.727288513183593750e+02,-1.654137229919433594e+01,1.958596954345703125e+02,3.395591974258422852e+00,3.970445632934570312e+01,1.579587650299072266e+01,2.302671356201171875e+02,8.512151718139648438e+00,1.764576873779296875e+02,1.580962467193603516e+01,4.880165481567382812e+01,1.821994400024414062e+01,4.721991348266601562e+01,1.146960544586181641e+01,4.842768669128417969e+00,9.008777618408203125e+00,4.676462650299072266e+00,8.456080436706542969e+00,2.842654466629028320e+00,5.408930301666259766e+00,7.930428981781005859e-01,1.235653042793273926e+00,1.025388464331626892e-01,-1.697977423667907715e+00,2.445492148399353027e-01,-3.316384315490722656e+00,3.058634996414184570e+00,-2.930212974548339844e+00,1.884287834167480469e+00,-7.468598484992980957e-01,1.619757771492004395e+00,1.818895339965820312e-02,9.447916984558105469e+00,-1.445347189903259277e+00,5.343037128448486328e+00,-4.262725353240966797e+00,5.435325241088867188e+01,-4.157141685485839844e+00,5.298188400268554688e+01,-7.543168067932128906e-01,5.783102512359619141e+00,9.642187952995300293e-01,3.089076280593872070e+00,7.852786183357238770e-01,5.211111545562744141e+00,1.282426863908767700e-01,2.098585367202758789e+00,-2.034720033407211304e-01,2.020894736051559448e-02,2.271039336919784546e-01,1.188337326049804688e+00,1.096122622489929199e+00,4.359076976776123047e+00,9.159412980079650879e-01,2.853200197219848633e+00,-7.076023221015930176e-01,5.273783802986145020e-01,-1.937282681465148926e+00,3.443684577941894531e+00,-1.547875285148620605e+00,2.048224687576293945e+00,5.487359687685966492e-02,7.458547479473054409e-04
-3.859217224121093750e+02,2.698399353027343750e+02,1.066751098632812500e+02,2.369222412109375000e+03,1.006757888793945312e+02,2.606542663574218750e+02,7.991363525390625000e+01,1.251569390296936035e+00,4.303987503051757812e+01,3.477607421875000000e+02,3.259244918823242188e+01,2.003058013916015625e+02,1.633355712890625000e+01,1.490497894287109375e+02,-8.446585536003112793e-01,6.322213745117187500e+01,-2.577753782272338867e+00,1.384364471435546875e+02,-1.115792751312255859e+01,8.623542022705078125e+01,-1.987192344665527344e+01,3.901093292236328125e+01,-1.721448135375976562e+01,1.653780670166015625e+02,-1.673354530334472656e+01,7.629456329345703125e+01,4.047918796539306641e+00,2.769042015075683594e+00,-9.805815696716308594e+00,8.628197479248046875e+01,-1.790871739387512207e+00,9.855172157287597656e+00,3.073469698429107666e-01,4.034852143377065659e-03,-6.818157196044921875e+00,3.600675344467163086e+00,2.331217080354690552e-01,7.881513595581054688e+00,8.591707795858383179e-02,6.245788574218750000e+00,-2.643738985061645508e+00,8.045069575309753418e-01,2.136574506759643555e+00,6.086435317993164062e+00,1.565401077270507812e+00,3.409999847412109375e+00,-7.441163063049316406e-03,1.446167349815368652e+00,2.797307252883911133e+00,5.520751953125000000e+00,1.942769646644592285e+00,2.228244543075561523e+00,-1.194697022438049316e+00,2.299213647842407227e+00,-5.605218410491943359e+00,2.725834083557128906e+01,-2.011691331863403320e+00,3.185787439346313477e+00,2.448780275881290436e-02,3.295569913461804390e-03,-7.429301142692565918e-01,2.623971223831176758e+00,1.775533795356750488e+00,2.889802217483520508e+00,1.589810013771057129e+00,2.178348541259765625e+00,5.132572054862976074e-01,6.403728127479553223e-01,1.466178059577941895e+00,2.013558626174926758e+00,1.145374655723571777e+00,1.246668338775634766e+00,7.899810671806335449e-01,4.797721803188323975e-01,1.466015338897705078e+00,2.071001768112182617e+00,9.487002491950988770e-01,9.420423507690429688e-01,6.348390877246856689e-02,1.110723242163658142e-04
-3.346172790527343750e+02,5.621361083984375000e+02,2.111650466918945312e+01,9.131095703125000000e+03,5.253685760498046875e+01,3.347038574218750000e+02,7.329383850097656250e+01,4.359407653808593750e+02,2.269730186462402344e+01,4.476974121093750000e+03,3.132993125915527344e+01,9.150157165527343750e+01,8.524795532226562500e+00,2.962803955078125000e+02,-1.019715023040771484e+01,4.352434997558593750e+02,3.543646335601806641e+00,1.727915954589843750e+02,-1.235080146789550781e+01,4.175009155273437500e+02,-2.841222763061523438e+01,1.351971130371093750e+02,-3.104408979415893555e+00,3.844870300292968750e+02,-1.665254783630371094e+01,7.397856140136718750e+01,-4.266033172607421875e+00,2.794092369079589844e+01,1.855244255065917969e+01,2.453417205810546875e+02,2.954367637634277344e+00,2.057665348052978516e+00,2.140664100646972656e+00,3.169160842895507812e+01,1.230398464202880859e+01,1.302513122558593750e+02,-2.500809729099273682e-01,5.455824851989746094e+00,1.379264116287231445e+00,9.741597175598144531e+00,4.913208961486816406e+00,5.734679222106933594e+00,-1.098510026931762695e+00,1.121110057830810547e+01,-1.505391836166381836e+00,2.779207420349121094e+01,2.038791656494140625e+00,8.440161705017089844e+00,-3.378936052322387695e+00,1.659957504272460938e+01,-3.598546683788299561e-01,4.507409095764160156e+00,-1.244687795639038086e+00,7.103243350982666016e+00,-1.192381143569946289e+00,1.276581039428710938e+02,-4.020950943231582642e-02,2.351239919662475586e+00,-1.061102271080017090e+00,8.050992965698242188e+00,-9.328421354293823242e-01,7.099663543701171875e+01,3.330391049385070801e-01,2.470441579818725586e+00,3.800517320632934570e-01,7.859288692474365234e+00,2.835512161254882812e-01,3.012147188186645508e+00,3.976320326328277588e-01,4.259711265563964844e+00,8.187111020088195801e-01,1.131200504302978516e+01,6.426578760147094727e-01,2.071394443511962891e+00,5.185224413871765137e-01,6.382887840270996094e+00,3.511413633823394775e-01,2.196214914321899414e+00,6.677454710006713867e-02,3.036222769878804684e-04
-3.803400878906250000e+02,1.024382095336914062e+02,8.386922454833984375e+01,1.938868103027343750e+02,7.722676849365234375e+01,1.666701507568359375e+02,6.705946350097656250e+01,1.351947937011718750e+02,5.445746612548828125e+01,1.089153060913085938e+02,4.062923049926757812e+01,9.130831909179687500e+01,2.682655334472656250e+01,8.060379791259765625e+01,1.426561260223388672e+01,7.129666900634765625e+01,3.952760696411132812e+00,5.734481048583984375e+01,-3.526012420654296875e+00,3.775183868408203125e+01,-8.094812393188476562e+00,1.840724563598632812e+01,-1.008562088012695312e+01,6.468900203704833984e+00,-1.004666709899902344e+01,4.441069602966308594e+00,3.622270584106445312e+00,6.017953157424926758e-01,5.075227260589599609e+00,1.088481068611145020e+00,4.931508541107177734e+00,8.056782484054565430e-01,4.688130378723144531e+00,4.892637133598327637e-01,4.342000007629394531e+00,2.529152035713195801e-01,3.893420696258544922e+00,1.496473550796508789e-01,3.349266052246093750e+00,1.726711392402648926e-01,2.725308895111083984e+00,2.599152922630310059e-01,2.047028064727783203e+00,3.213629126548767090e-01,1.348482728004455566e+00,3.016678690910339355e-01,6.692768931388854980e-01,2.165122032165527344e-01,5.007291957736015320e-02,1.187434643507003784e-01,-4.725726544857025146e-01,4.709769785404205322e-02,-7.648264169692993164e-01,7.350910902023315430e-01,-1.014402985572814941e+00,1.455069303512573242e+00,-8.300039172172546387e-01,1.415733695030212402e+00,-5.687268376350402832e-01,1.360164880752563477e+00,-2.718812823295593262e-01,1.283701896667480469e+00,2.794442139565944672e-02,1.170136213302612305e+00,2.994372844696044922e-01,1.004847288131713867e+00,5.054438710212707520e-01,7.865558862686157227e-01,6.126798391342163086e-01,5.347976684570312500e-01,6.115834712982177734e-01,2.920755743980407715e-01,5.239583253860473633e-01,1.109563112258911133e-01,3.881171643733978271e-01,2.647584676742553711e-02,2.365686446428298950e-01,3.578438237309455872e-02,6.302230060100555420e-02,2.825101546477526426e-04
-3.368862609863281250e+02,1.434288330078125000e+02,1.055836410522460938e+02,9.709025573730468750e+01,8.499505615234375000e+01,7.487374305725097656e+00,7.093318939208984375e+01,1.812417221069335938e+01,5.479881286621093750e+01,3.628726196289062500e+01,3.242318725585937500e+01,1.154241409301757812e+02,1.355158138275146484e+01,1.870148010253906250e+02,-2.225517630577087402e-01,1.746313934326171875e+02,-9.926410675048828125e+00,1.447635955810546875e+02,-8.705291748046875000e+00,3.171910858154296875e+01,-1.107949733734130859e+00,5.758936309814453125e+01,-1.118471622467041016e+00,8.028052520751953125e+01,-4.454705238342285156e+00,2.206650543212890625e+01,3.013172149658203125e-01,5.605350017547607422e+00,3.538822233676910400e-01,3.074315071105957031e+00,2.785044163465499878e-02,3.649675250053405762e-01,-3.977233171463012695e-01,1.328951358795166016e+00,-4.300566315650939941e-01,2.345719575881958008e+00,-2.054810076951980591e-01,7.223239421844482422e+00,-4.186069667339324951e-01,1.030865001678466797e+01,-1.058978080749511719e+00,7.891189575195312500e+00,-1.371924757957458496e+00,4.876096725463867188e+00,-1.054416298866271973e+00,5.106265544891357422e-01,-5.423966646194458008e-01,2.124326705932617188e+00,-3.064669370651245117e-01,3.369183301925659180e+00,-4.182233810424804688e-01,9.945697784423828125e-01,-2.277394980192184448e-01,4.583181381225585938e+00,-1.045008227229118347e-01,2.935989379882812500e+00,1.963893324136734009e-01,3.965305164456367493e-02,2.245457917451858521e-01,4.505666196346282959e-01,2.404104918241500854e-01,1.017188549041748047e+00,4.433513283729553223e-01,3.627677917480468750e+00,5.497332811355590820e-01,6.080153942108154297e+00,4.150493741035461426e-01,5.665245056152343750e+00,2.336928099393844604e-01,4.295332431793212891e+00,6.601446121931076050e-02,8.097007870674133301e-01,-1.120683252811431885e-01,1.471148014068603516e+00,-1.703312397003173828e-01,2.155547618865966797e+00,-1.398739814758300781e-01,5.039569139480590820e-01,7.609242200851440430e-02,2.996290049850358628e-06
-3.734936218261718750e+02,7.658964233398437500e+02,7.979064941406250000e+01,1.045579711914062500e+03,6.618240356445312500e+01,5.962117919921875000e+02,5.717157745361328125e+01,4.265844116210937500e+02,4.465190124511718750e+01,2.305046081542968750e+02,2.807770156860351562e+01,1.391560058593750000e+02,1.632276535034179688e+01,1.148065719604492188e+02,7.310638427734375000e+00,8.794663238525390625e+01,-2.323150396347045898e+00,1.528113555908203125e+02,-4.711552619934082031e+00,1.148616561889648438e+02,3.812179565429687500e-01,8.538221740722656250e+01,1.332096815109252930e+00,7.575587463378906250e+01,-1.969314098358154297e+00,3.138313484191894531e+01,-4.681589901447296143e-01,5.951267623901367188e+01,-7.032949328422546387e-01,8.702726745605468750e+01,-7.580220699310302734e-01,5.272149658203125000e+01,-7.649622559547424316e-01,3.700126647949218750e+01,-7.698068618774414062e-01,1.924597930908203125e+01,-7.773630619049072266e-01,8.420135498046875000e+00,-7.393693923950195312e-01,4.679310321807861328e+00,-6.796627044677734375e-01,1.987267374992370605e+00,-6.162442564964294434e-01,4.783276081085205078e+00,-4.844822287559509277e-01,4.706391811370849609e+00,-2.895906567573547363e-01,3.807516813278198242e+00,-1.305755525827407837e-01,3.333376407623291016e+00,-1.721631176769733429e-02,1.416633129119873047e+00,-8.138234019279479980e-01,4.884144306182861328e+00,-1.052711725234985352e+00,7.804543495178222656e+00,-8.554952144622802734e-01,8.440017700195312500e+00,-6.761233210563659668e-01,7.046381473541259766e+00,-4.946237802505493164e-01,5.350059509277343750e+00,-2.865443825721740723e-01,5.644172668457031250e+00,-8.237379789352416992e-02,3.849044799804687500e+00,1.135903075337409973e-01,1.517515659332275391e+00,2.646619379520416260e-01,1.524543285369873047e+00,2.770176827907562256e-01,1.381522536277770996e+00,1.742477416992187500e-01,2.853827238082885742e+00,9.657994657754898071e-02,2.953106880187988281e+00,7.166231423616409302e-02,9.233846664428710938e-01,5.141736939549446106e-02,5.836407071910798550e-04
