-4.050622863769531250e+02,2.456074462890625000e+03,8.341949462890625000e+01,3.979298095703125000e+03,6.374210357666015625e+01,2.120294677734375000e+03,4.541767120361328125e+01,8.634140625000000000e+02,2.835700035095214844e+01,3.925879211425781250e+02,1.572445774078369141e+01,1.741706848144531250e+02,1.262511444091796875e+01,9.181464385986328125e+01,1.127003002166748047e+01,6.948516082763671875e+01,3.695130109786987305e+00,3.627975082397460938e+01,-3.883247613906860352e+00,7.076323699951171875e+01,-6.647951602935791016e+00,1.585051269531250000e+02,-8.609350204467773438e+00,1.613634033203125000e+02,-8.233617782592773438e+00,6.931846618652343750e+01,1.541543006896972656e+01,1.290546131134033203e+01,1.959511184692382812e+01,2.049426269531250000e+01,1.423091125488281250e+01,1.215741825103759766e+01,8.174756050109863281e+00,1.026132488250732422e+01,3.436899423599243164e+00,1.007472229003906250e+01,1.136922121047973633e+00,5.934498310089111328e+00,9.322628378868103027e-01,3.159558773040771484e+00,1.127800107002258301e+00,1.242921829223632812e+00,4.949717223644256592e-01,2.251096069812774658e-02,-8.410670161247253418e-01,4.968774914741516113e-01,-2.282697200775146484e+00,4.032832980155944824e-01,-3.053498506546020508e+00,7.947720885276794434e-01,-2.374827146530151367e+00,3.636219501495361328e-01,-4.251165986061096191e-01,2.915208244323730469e+01,-5.435501933097839355e-01,4.745613861083984375e+01,-6.851301789283752441e-01,2.420008277893066406e+01,-1.126599311828613281e+00,9.018014907836914062e+00,-1.281002640724182129e+00,5.106923103332519531e+00,-9.917541146278381348e-01,2.779206991195678711e+00,-6.963562965393066406e-01,1.461275935173034668e+00,-3.946450650691986084e-01,6.568197607994079590e-01,7.591098546981811523e-02,2.891663908958435059e-01,2.899639010429382324e-01,1.339513778686523438e+00,3.468441963195800781e-02,2.912957429885864258e+00,-1.535779386758804321e-01,2.707004785537719727e+00,-4.920906573534011841e-02,9.451523423194885254e-01,4.753956198692321777e-02,7.809146190993487835e-04
-3.136162414550781250e+02,3.133767578125000000e+03,1.048633193969726562e+02,4.079739257812500000e+03,6.800087738037109375e+01,1.332035400390625000e+03,3.414766693115234375e+01,5.823314819335937500e+02,1.202860546112060547e+01,4.827686767578125000e+02,5.239040851593017578e+00,2.208575286865234375e+02,9.007675170898437500e+00,6.398576736450195312e+01,6.853162288665771484e+00,3.527444839477539062e+01,-6.097876071929931641e+00,1.088142013549804688e+02,-1.693612861633300781e+01,3.487892761230468750e+02,-1.821989250183105469e+01,2.572677917480468750e+02,-1.274486446380615234e+01,1.143836669921875000e+02,-2.383320093154907227e+00,8.878807830810546875e+01,-7.835962295532226562e+00,1.470307464599609375e+02,-1.000401020050048828e+01,1.712465972900390625e+02,-7.780173778533935547e+00,2.261162376403808594e+01,-5.570274829864501953e+00,6.327694416046142578e+00,-3.467809677124023438e+00,2.714566993713378906e+01,-1.920459389686584473e+00,1.416113185882568359e+01,-1.184730172157287598e+00,6.489441990852355957e-01,-3.602716028690338135e-01,6.482803225517272949e-01,8.198375105857849121e-01,4.029335498809814453e+00,1.485206723213195801e+00,1.769274139404296875e+01,1.481892943382263184e+00,1.499622440338134766e+01,1.269269108772277832e+00,3.511941194534301758e+00,7.643263936042785645e-01,1.255145549774169922e+00,-1.233765602111816406e+00,3.743371200561523438e+01,-1.238218665122985840e+00,4.233887863159179688e+01,-3.778153359889984131e-01,7.405608654022216797e+00,1.401555091142654419e-01,9.170620918273925781e+00,4.154747724533081055e-01,1.380269241333007812e+01,3.354659080505371094e-01,5.246322631835937500e+00,-1.163658276200294495e-01,7.379467487335205078e-01,-2.385626435279846191e-01,5.355167388916015625e-01,1.528967618942260742e-01,1.841363310813903809e+00,3.963555097579956055e-01,6.771977901458740234e+00,3.162662684917449951e-01,4.650049209594726562e+00,1.972622126340866089e-01,1.109784007072448730e+00,-3.104595281183719635e-02,1.987768054008483887e+00,6.201651319861412048e-02,1.606181147508323193e-03
-3.090253906250000000e+02,1.838507568359375000e+03,3.469651031494140625e+01,3.108800781250000000e+03,5.030114364624023438e+01,8.222902221679687500e+02,7.582354736328125000e+01,1.615984741210937500e+03,1.319651794433593750e+01,2.070354980468750000e+03,4.166643524169921875e+01,5.641568603515625000e+02,1.813101768493652344e+01,1.229872817993164062e+02,-4.358765602111816406e+00,7.649236297607421875e+01,6.490576267242431641e+00,2.993282470703125000e+02,-9.122457504272460938e+00,1.258844604492187500e+02,-1.336686134338378906e+01,1.346117248535156250e+02,-7.207756042480468750e+00,1.278401641845703125e+02,-1.157625389099121094e+01,2.825286254882812500e+02,9.692231178283691406e+00,5.001965713500976562e+01,-3.241147100925445557e-01,1.108592529296875000e+02,4.028285026550292969e+00,3.891437530517578125e+01,9.895842552185058594e+00,2.852988624572753906e+01,-2.416182994842529297e+00,6.769481658935546875e+01,5.149503231048583984e+00,1.179312705993652344e+01,3.087186574935913086e+00,4.229512810707092285e-01,-1.847926855087280273e+00,1.498513102531433105e+00,2.330302238464355469e+00,7.355813503265380859e+00,-2.624508738517761230e-01,5.633193016052246094e+00,-2.098737955093383789e+00,8.009806871414184570e-01,4.290790557861328125e-01,6.601773738861083984e+00,-5.847347974777221680e-01,7.640913963317871094e+00,-1.095809698104858398e+00,1.600700759887695312e+01,8.854828029870986938e-02,1.023531341552734375e+02,-6.375462412834167480e-01,2.075666427612304688e+01,-8.221120834350585938e-01,9.576348304748535156e+00,1.626276522874832153e-01,6.296123504638671875e+01,-8.174775242805480957e-01,3.388836383819580078e+00,1.213212236762046814e-01,4.024313092231750488e-01,-2.470781505107879639e-01,5.866769552230834961e-01,-8.377625793218612671e-02,6.566628932952880859e+00,1.119712367653846741e-01,3.738549709320068359e+00,-2.407267987728118896e-01,2.301067113876342773e+00,2.255064249038696289e-01,3.680034160614013672e+00,-1.463709473609924316e-01,8.813346862792968750e+00,6.391773372888565063e-02,9.427474578842520714e-04
-2.758275451660156250e+02,1.514209442138671875e+02,5.665945816040039062e+01,2.444486572265625000e+03,7.823226928710937500e+01,1.935967254638671875e+02,1.123524169921875000e+02,9.718019866943359375e+01,1.729169273376464844e+01,1.876091430664062500e+03,5.688640975952148438e+01,3.264995422363281250e+02,3.049600219726562500e+01,2.050263977050781250e+01,-9.608585357666015625e+00,1.777740936279296875e+02,1.221934413909912109e+01,2.814436645507812500e+02,-1.051995944976806641e+01,8.438617706298828125e+01,-2.136305236816406250e+01,3.318943405151367188e+01,-6.302999496459960938e+00,2.126640625000000000e+02,-1.354465579986572266e+01,1.946554718017578125e+02,3.708201646804809570e+00,5.230513215065002441e-01,-6.124330043792724609e+00,5.314872360229492188e+01,-2.154463529586791992e+00,3.327584266662597656e+00,1.859134554862976074e+00,1.403580784797668457e+00,-9.086893081665039062e+00,2.654773139953613281e+01,-5.676154419779777527e-02,9.200528144836425781e+00,-4.625572264194488525e-01,6.842738986015319824e-01,-4.397924423217773438e+00,7.747910618782043457e-01,3.146709680557250977e+00,3.540719985961914062e+00,2.455723762512207031e+00,4.228959083557128906e-01,1.331998705863952637e+00,4.390094280242919922e-01,5.178325653076171875e+00,1.898756504058837891e+00,4.039923191070556641e+00,8.606074452400207520e-01,-4.021475315093994141e-01,1.862309455871582031e+00,4.670825958251953125e+00,3.687449645996093750e+01,1.146937489509582520e+00,2.830107450485229492e+00,-7.973294854164123535e-01,1.221731781959533691e+00,3.332125902175903320e+00,2.767305564880371094e+01,-1.977158069610595703e+00,4.219530582427978516e+00,-5.299060940742492676e-01,2.212704867124557495e-01,4.060195386409759521e-01,2.217913866043090820e+00,-1.314370989799499512e+00,3.566543579101562500e+00,-4.020100533962249756e-01,1.113079309463500977e+00,2.556010186672210693e-01,1.597298383712768555e-01,5.436809062957763672e-01,2.126455545425415039e+00,-5.278865694999694824e-01,2.560215234756469727e+00,8.642593771219253540e-02,3.311070613563060760e-04
-2.963805541992187500e+02,2.997187805175781250e+02,1.088026275634765625e+02,1.654180145263671875e+02,8.496762084960937500e+01,7.642050266265869141e+00,7.487411499023437500e+01,1.142683601379394531e+01,6.246737670898437500e+01,7.063032150268554688e+00,3.928609848022460938e+01,2.497028160095214844e+01,1.942650794982910156e+01,6.315395355224609375e+01,5.042389392852783203e+00,5.936027908325195312e+01,-5.858059406280517578e+00,3.108614540100097656e+01,-4.810623645782470703e+00,4.485896301269531250e+01,2.918353080749511719e-01,1.677697143554687500e+02,-6.717789173126220703e+00,5.358512878417968750e+01,-1.286851596832275391e+01,9.354451179504394531e+00,-5.916021823883056641e+00,2.778259813785552979e-01,-4.363430976867675781e+00,1.546130329370498657e-01,1.147539377212524414e+00,5.465490743517875671e-03,1.334862470626831055e+00,7.765634451061487198e-03,8.998413383960723877e-02,7.685888558626174927e-03,1.238336682319641113e+00,8.941765129566192627e-02,2.480350255966186523e+00,1.032255738973617554e-01,2.403065919876098633e+00,4.200077801942825317e-02,8.354824781417846680e-01,2.344785630702972412e-02,-2.812579870223999023e+00,2.997522428631782532e-02,-5.126474380493164062e+00,8.111506700515747070e-02,-2.950997352600097656e+00,2.656371891498565674e-02,-9.982572793960571289e-01,2.372017875313758850e-02,7.589911222457885742e-01,2.548853874206542969e+00,5.700137615203857422e-01,1.391667246818542480e+00,-6.912450492382049561e-02,8.316991478204727173e-02,-8.226469904184341431e-02,9.895592182874679565e-02,-1.571722179651260376e-01,1.090358709916472435e-03,-5.246376991271972656e-01,1.142300516366958618e-01,-5.269523859024047852e-01,4.564557075500488281e-01,-2.897967100143432617e-01,4.447038173675537109e-01,-2.661455869674682617e-01,7.975266128778457642e-02,-1.351821869611740112e-01,4.809951186180114746e-01,1.125366687774658203e-01,1.785954356193542480e+00,-5.147710442543029785e-02,5.829867124557495117e-01,-2.584917545318603516e-01,6.092457473278045654e-02,1.059837862849235535e-01,2.072871939162723720e-05
-2.766337890625000000e+02,5.195689086914062500e+02,6.122947692871093750e+01,3.527665771484375000e+03,5.643479156494140625e+01,4.023143920898437500e+02,6.448373413085937500e+01,4.484820861816406250e+02,2.192046165466308594e+01,1.612489746093750000e+03,3.781512832641601562e+01,1.802022094726562500e+02,1.811218070983886719e+01,1.209198532104492188e+02,-2.403418302536010742e+00,2.199784240722656250e+02,1.765553236007690430e+00,4.520328979492187500e+02,-5.754147052764892578e+00,1.434953765869140625e+02,-3.213413953781127930e+00,2.261161956787109375e+02,6.209020614624023438e+00,1.362022247314453125e+02,-3.234347343444824219e+00,1.287449493408203125e+02,7.608439028263092041e-02,2.043608856201171875e+01,2.217051833868026733e-01,2.332827148437500000e+02,-5.124940872192382812e-01,2.405147361755371094e+01,-1.407104134559631348e+00,1.580214023590087891e+01,-7.833818793296813965e-01,1.061269760131835938e+02,1.542162150144577026e-01,1.125091075897216797e+01,2.712321877479553223e-01,8.460847854614257812e+00,-1.493020057678222656e-01,1.485670185089111328e+01,-3.724142536520957947e-02,2.943227005004882812e+01,8.243160247802734375e-01,1.013075733184814453e+01,1.135406255722045898e+00,6.518085002899169922e+00,9.391252994537353516e-01,6.900895118713378906e+00,1.063096880912780762e+00,6.364923477172851562e+00,-3.425158262252807617e-01,9.221026420593261719e+00,-1.268118619918823242e-02,8.655429077148437500e+01,4.741373062133789062e-01,1.030355644226074219e+01,6.308690309524536133e-01,1.269798469543457031e+01,5.978586673736572266e-01,4.508172225952148438e+01,1.752696335315704346e-01,5.274075508117675781e+00,1.718444228172302246e-01,2.366321802139282227e+00,4.272740483283996582e-01,3.247061967849731445e+00,2.487203329801559448e-01,9.484644889831542969e+00,-1.034018099308013916e-01,3.726100683212280273e+00,-4.199928641319274902e-01,6.896028518676757812e+00,-4.974492192268371582e-01,2.693622827529907227e+00,-2.768830657005310059e-01,3.111323595046997070e+00,7.749100774526596069e-02,3.213705786038190126e-04
-3.197595214843750000e+02,2.165032714843750000e+03,1.137958831787109375e+02,3.371112548828125000e+03,8.947157287597656250e+01,1.510141235351562500e+03,5.838332366943359375e+01,3.042519531250000000e+02,2.902123069763183594e+01,1.867463684082031250e+02,8.443799972534179688e+00,4.736931762695312500e+02,-1.056668400764465332e+00,4.790242614746093750e+02,-2.931592226028442383e+00,2.852904357910156250e+02,-1.918864488601684570e+00,1.413175811767578125e+02,-1.330722212791442871e+00,8.823004150390625000e+01,-3.097198009490966797e+00,6.861199951171875000e+01,-6.205505371093750000e+00,6.070050048828125000e+01,-7.565085887908935547e+00,4.922677230834960938e+01,7.447738647460937500e+00,6.811100769042968750e+01,9.743501663208007812e+00,1.015894927978515625e+02,7.662864685058593750e+00,3.694939422607421875e+01,4.896143913269042969e+00,2.283910036087036133e+00,2.083981037139892578e+00,1.047734355926513672e+01,-1.790120899677276611e-01,2.861006736755371094e+01,-1.610316991806030273e+00,2.773831558227539062e+01,-2.347515106201171875e+00,1.490038394927978516e+01,-2.624250650405883789e+00,4.963978290557861328e+00,-2.616741180419921875e+00,1.221371769905090332e+00,-2.485842466354370117e+00,6.605784296989440918e-01,-2.221710681915283203e+00,1.062007784843444824e+00,-1.683790922164916992e+00,1.304554224014282227e+00,-3.276150941848754883e+00,4.441458892822265625e+01,-3.978819608688354492e+00,6.785590362548828125e+01,-2.326781034469604492e+00,2.774393653869628906e+01,-3.310939371585845947e-01,3.176073312759399414e+00,1.356369733810424805e+00,3.123500823974609375e+00,2.222214460372924805e+00,1.128905391693115234e+01,2.162386417388916016e+00,1.153092861175537109e+01,1.553024649620056152e+00,6.171114444732666016e+00,8.534477353096008301e-01,1.972629189491271973e+00,3.646843135356903076e-01,4.192101657390594482e-01,2.408300191164016724e-01,2.421276867389678955e-01,3.674012720584869385e-01,5.576500892639160156e-01,4.415501058101654053e-01,7.355965375900268555e-01,6.681321561336517334e-02,9.051371598616242409e-04
-2.889316406250000000e+02,6.935179443359375000e+02,9.109680175781250000e+01,1.045522338867187500e+03,7.374388885498046875e+01,4.168679809570312500e+02,6.793954467773437500e+01,2.408193969726562500e+02,5.029373550415039062e+01,1.859464263916015625e+02,2.822348403930664062e+01,3.649985885620117188e+01,2.147402954101562500e+01,5.097382354736328125e+01,1.423676109313964844e+01,2.954220771789550781e+01,-3.329083681106567383e+00,8.589387512207031250e+01,-1.498790836334228516e+01,2.335386810302734375e+02,-1.626471138000488281e+01,2.184525299072265625e+02,-1.707981109619140625e+01,1.471099700927734375e+02,-1.722072601318359375e+01,1.155762939453125000e+02,3.621590614318847656e+00,2.227317428588867188e+01,4.634349346160888672e+00,2.043419265747070312e+01,3.413767337799072266e+00,4.481105327606201172e+00,1.998461604118347168e+00,1.416286563873291016e+01,8.486815690994262695e-01,6.862486839294433594e+00,1.058300063014030457e-01,1.300961375236511230e+00,-3.825183212757110596e-01,1.288781881332397461e+00,-8.592770695686340332e-01,4.729967415332794189e-01,-1.428298711776733398e+00,5.526831626892089844e+00,-1.948732376098632812e+00,1.062366867065429688e+01,-2.144275665283203125e+00,5.851349353790283203e+00,-1.844701886177062988e+00,5.543766498565673828e+00,-1.138880372047424316e+00,9.519875526428222656e+00,-1.039539813995361328e+00,4.975059032440185547e+00,-1.191684961318969727e+00,9.784758567810058594e+00,-6.588339209556579590e-01,3.015636205673217773e+00,-2.500294148921966553e-01,3.065646648406982422e+00,5.488272756338119507e-02,3.592403173446655273e+00,2.640409767627716064e-01,4.598348438739776611e-01,2.538321018218994141e-01,1.465528011322021484e+00,2.137676626443862915e-01,7.566453218460083008e-01,4.294355809688568115e-01,7.782444357872009277e-01,7.166767716407775879e-01,1.902660608291625977e+00,7.579707503318786621e-01,2.015920639038085938e+00,6.354408264160156250e-01,1.920184969902038574e+00,4.898205101490020752e-01,8.038905262947082520e-01,7.872769236564636230e-02,9.855028474703431129e-04
-2.963422546386718750e+02,3.192087158203125000e+03,9.828864288330078125e+01,5.006151367187500000e+03,6.418973541259765625e+01,2.061359863281250000e+03,3.588378143310546875e+01,4.833911132812500000e+02,1.811762046813964844e+01,2.549960937500000000e+02,1.216419029235839844e+01,3.421626281738281250e+02,1.201956844329833984e+01,2.824652099609375000e+02,4.583483695983886719e+00,7.482102966308593750e+01,-8.558179855346679688e+00,4.285422515869140625e+01,-1.587682914733886719e+01,1.555270385742187500e+02,-1.735814476013183594e+01,2.353995361328125000e+02,-1.746518135070800781e+01,1.661562805175781250e+02,-1.327821540832519531e+01,1.088930664062500000e+02,1.007456588745117188e+01,9.552087402343750000e+01,1.265994167327880859e+01,1.492194976806640625e+02,8.123399734497070312e+00,5.840466308593750000e+01,3.625008106231689453e+00,7.592823982238769531e+00,2.688539028167724609e+00,2.009935379028320312e+00,3.443623781204223633e+00,7.201090812683105469e+00,2.565442800521850586e+00,8.286607742309570312e+00,6.062372922897338867e-01,2.896584510803222656e+00,-1.237044334411621094e+00,2.533554732799530029e-01,-2.879788875579833984e+00,1.323258042335510254e+00,-3.217865467071533203e+00,5.277712345123291016e+00,-1.974493026733398438e+00,7.623547554016113281e+00,-9.651448130607604980e-01,7.387685298919677734e+00,-1.231251001358032227e+00,4.874656295776367188e+01,-1.275217413902282715e+00,7.885707855224609375e+01,-3.910236954689025879e-01,3.505005645751953125e+01,2.917709946632385254e-01,1.005553722381591797e+01,6.187774538993835449e-01,3.978814601898193359e+00,5.026730895042419434e-01,3.123218536376953125e+00,1.745075285434722900e-01,4.765534400939941406e+00,3.857700899243354797e-02,1.818993926048278809e+00,1.235685795545578003e-01,2.707529664039611816e-01,2.480918914079666138e-01,7.245731949806213379e-01,3.437450528144836426e-01,2.302394151687622070e+00,4.011080265045166016e-01,2.979869604110717773e+00,3.510492444038391113e-01,2.785058736801147461e+00,7.385036349296569824e-02,1.997799379751086235e-03
-2.884176330566406250e+02,7.012169189453125000e+02,1.206589202880859375e+02,7.565852050781250000e+02,8.876264190673828125e+01,8.580917358398437500e+01,6.002247238159179688e+01,1.877561645507812500e+02,4.636871337890625000e+01,1.547818298339843750e+02,4.204509735107421875e+01,1.266243076324462891e+01,3.302103424072265625e+01,3.387350463867187500e+01,1.263385105133056641e+01,1.510296916961669922e+01,-1.246849060058593750e+01,1.319573059082031250e+02,-2.986063003540039062e+01,2.908298034667968750e+02,-3.285660552978515625e+01,1.899194641113281250e+02,-2.483491134643554688e+01,4.083071136474609375e+01,-1.418436431884765625e+01,6.989963531494140625e+01,4.860057830810546875e+00,5.317821502685546875e+00,4.604588985443115234e+00,6.886410713195800781e+00,-2.893029153347015381e-01,1.642249107360839844e+00,-3.877807617187500000e+00,1.956596821546554565e-01,-3.833859205245971680e+00,1.243559867143630981e-01,-1.332059621810913086e+00,6.760655343532562256e-02,4.767288565635681152e-01,1.266703940927982330e-02,-3.406332135200500488e-01,2.049406319856643677e-01,-2.847197055816650391e+00,1.247871160507202148e+00,-4.466366767883300781e+00,2.000391483306884766e+00,-3.506980419158935547e+00,1.516723394393920898e+00,-4.841357171535491943e-01,7.203880548477172852e-01,2.656969547271728516e+00,3.705959320068359375e-01,-2.558671236038208008e+00,5.026778221130371094e+00,-2.925637722015380859e+00,5.048102855682373047e+00,-1.440209031105041504e+00,3.497697710990905762e-01,-3.053805530071258545e-01,2.006729125976562500e+00,-5.760226398706436157e-02,1.775895357131958008e+00,-2.503532767295837402e-01,1.108197122812271118e-01,-1.374823153018951416e-01,1.378537714481353760e-01,4.933737814426422119e-01,4.345766082406044006e-02,1.217930316925048828e+00,1.129636168479919434e+00,1.532068252563476562e+00,2.663336277008056641e+00,1.350011467933654785e+00,1.641505956649780273e+00,9.589698910713195801e-01,1.765591353178024292e-01,6.139430403709411621e-01,7.645474076271057129e-01,9.960652887821197510e-02,7.679289410589262843e-05
-2.719968872070312500e+02,3.286383666992187500e+02,4.523320007324218750e+01,2.229286621093750000e+03,4.836576461791992188e+01,6.727522583007812500e+02,5.737810134887695312e+01,3.310460815429687500e+02,3.104629707336425781e+01,1.780175170898437500e+03,3.414950561523437500e+01,1.319489593505859375e+02,2.231581497192382812e+01,9.615039825439453125e+01,1.269176006317138672e+01,3.310772399902343750e+02,1.167087554931640625e+01,1.128811264038085938e+02,-2.568700551986694336e+00,9.636680603027343750e+01,-4.273715972900390625e+00,3.469166183471679688e+01,-1.674421191215515137e+00,9.285878753662109375e+01,-1.001252365112304688e+01,9.487803649902343750e+01,2.514647722244262695e+00,6.702368259429931641e+00,-3.429195642471313477e+00,1.399070129394531250e+02,-4.412542581558227539e-01,5.506774902343750000e+01,2.298907518386840820e+00,1.300385761260986328e+01,-3.729806661605834961e+00,9.914072418212890625e+01,1.598227381706237793e+00,7.510642528533935547e+00,5.108190774917602539e-01,7.329720973968505859e+00,-1.733695149421691895e+00,1.667497634887695312e+01,1.290536761283874512e+00,5.119563102722167969e+00,1.897645294666290283e-01,4.751955032348632812e+00,-4.688762724399566650e-01,8.086762428283691406e-01,8.358833193778991699e-01,5.211439609527587891e+00,1.634624153375625610e-01,5.355541229248046875e+00,-3.337137997150421143e-01,4.785344600677490234e+00,-9.247539043426513672e-01,2.745982933044433594e+01,-8.003890514373779297e-01,1.107292938232421875e+01,-4.384659230709075928e-01,5.563053131103515625e+00,-7.249205708503723145e-01,1.754204750061035156e+01,-4.567337036132812500e-01,2.600601911544799805e+00,-3.000924885272979736e-01,1.924186348915100098e+00,-3.853153288364410400e-01,2.008570194244384766e+00,-1.117751970887184143e-01,1.702970385551452637e+00,-8.015943318605422974e-02,1.829533815383911133e+00,-1.378513425588607788e-01,2.930150330066680908e-01,9.835943579673767090e-02,1.182988762855529785e+00,8.800541609525680542e-02,1.516412258148193359e+00,8.239874988794326782e-02,9.641954093240201473e-04
-3.298121337890625000e+02,6.160388183593750000e+02,7.859954071044921875e+01,8.097825317382812500e+02,6.381785583496093750e+01,3.742849731445312500e+02,6.140444564819335938e+01,2.277632751464843750e+02,4.857044219970703125e+01,1.619317779541015625e+02,3.162611389160156250e+01,7.778514099121093750e+01,2.149787521362304688e+01,7.213143920898437500e+01,8.928115844726562500e+00,1.179962844848632812e+02,-1.402792692184448242e+00,1.545189514160156250e+02,-1.607611656188964844e+00,7.072637939453125000e+01,5.498417615890502930e-01,2.356044769287109375e+01,-3.034683704376220703e+00,7.310214042663574219e+00,-7.932705879211425781e+00,2.342832183837890625e+01,-4.331148147583007812e+00,3.489156723022460938e+01,-4.988685131072998047e+00,5.429214477539062500e+01,-3.849868535995483398e+00,2.294804954528808594e+01,-3.536888837814331055e+00,1.105066108703613281e+01,-2.307384967803955078e+00,1.188875102996826172e+01,-9.530433416366577148e-01,3.783809423446655273e+00,1.392502337694168091e-02,6.869931817054748535e-01,8.630833625793457031e-01,1.809471368789672852e+00,1.161015272140502930e+00,4.012664318084716797e+00,1.150364995002746582e+00,2.111212730407714844e+00,8.773173093795776367e-01,1.349429041147232056e-01,3.679425418376922607e-01,1.872557103633880615e-01,1.662644147872924805e-01,1.858253002166748047e+00,-1.717573881149291992e+00,1.350465202331542969e+01,-2.200658559799194336e+00,1.712654495239257812e+01,-1.505857467651367188e+00,5.414956569671630859e+00,-1.098150253295898438e+00,2.297453403472900391e+00,-1.134823918342590332e+00,2.490578413009643555e+00,-5.942208766937255859e-01,1.842428565025329590e+00,3.070902824401855469e-02,1.981619954109191895e+00,1.799243092536926270e-01,2.717551469802856445e+00,4.301323294639587402e-01,3.941026687622070312e+00,3.600000441074371338e-01,1.626158475875854492e+00,-5.712425708770751953e-02,4.042827337980270386e-02,1.466211676597595215e-01,3.589040040969848633e-02,4.142653942108154297e-01,5.954635143280029297e-01,7.664674520492553711e-02,5.426399293355643749e-04
-3.239232788085937500e+02,3.771078613281250000e+03,6.499518585205078125e+01,3.822334228515625000e+03,3.462146759033203125e+01,1.084313964843750000e+03,3.750468063354492188e+01,1.499689086914062500e+03,2.740565299987792969e+01,4.348760375976562500e+02,1.743164443969726562e+01,6.515745849609375000e+02,1.878163528442382812e+01,2.825520324707031250e+02,7.259955883026123047e+00,2.757542724609375000e+02,-1.669533348083496094e+01,4.659708557128906250e+02,-1.873407745361328125e+01,4.946429748535156250e+02,-4.418825149536132812e+00,1.192995758056640625e+02,8.166665434837341309e-01,3.834198760986328125e+01,-2.920398950576782227e+00,3.141393661499023438e+01,-6.622776389122009277e-02,2.362976684570312500e+02,-9.050625562667846680e-02,1.711043701171875000e+02,-8.855352550745010376e-02,4.535872268676757812e+01,-8.701689541339874268e-02,8.620249176025390625e+01,-7.945676892995834351e-02,2.774774742126464844e+01,-7.511590421199798584e-02,3.307054519653320312e+01,-7.309996336698532104e-02,1.868700218200683594e+01,-6.814048439264297485e-02,9.277068138122558594e+00,-6.888940185308456421e-02,2.118361663818359375e+01,-7.194083184003829956e-02,2.524750328063964844e+01,-7.262855023145675659e-02,3.238305807113647461e+00,-7.990752905607223511e-02,8.035032749176025391e-01,-8.900389075279235840e-02,1.805432319641113281e+00,-8.921032398939132690e-02,4.268832778930664062e+01,-1.218539178371429443e-01,7.688969421386718750e+01,-1.162231490015983582e-01,2.836232757568359375e+01,-1.094317957758903503e-01,2.260323143005371094e+01,-9.591741114854812622e-02,3.132980823516845703e+00,-8.351236581802368164e-02,2.046447944641113281e+01,-7.073184847831726074e-02,3.528213500976562500e+00,-5.293426290154457092e-02,8.893538475036621094e+00,-3.896170109510421753e-02,7.802898406982421875e+00,-2.661976963281631470e-02,7.461249828338623047e+00,-1.172916311770677567e-02,3.855550289154052734e+00,-1.921675750054419041e-03,1.023192882537841797e+00,7.243854459375143051e-03,4.182636737823486328e-01,4.547250643372535706e-02,1.197484903968870640e-03
-1.851559600830078125e+02,3.834593811035156250e+02,4.733702468872070312e+01,6.550513916015625000e+02,4.284123229980468750e+01,4.984362182617187500e+02,3.921548080444335938e+01,4.052876892089843750e+02,3.318719100952148438e+01,2.831784667968750000e+02,2.392383575439453125e+01,1.261151657104492188e+02,1.611142158508300781e+01,7.422126007080078125e+01,1.071368122100830078e+01,8.215206909179687500e+01,4.161820888519287109e+00,7.361724090576171875e+01,-2.585001945495605469e+00,7.990963745117187500e+01,-5.643356323242187500e+00,7.082032012939453125e+01,-6.573059082031250000e+00,4.763298416137695312e+01,-8.728170394897460938e+00,5.870895767211914062e+01,4.618991374969482422e+00,4.611166000366210938e+00,6.221413135528564453e+00,6.665306568145751953e+00,5.455206871032714844e+00,5.501278400421142578e+00,4.436180114746093750e+00,9.551418304443359375e+00,3.165061235427856445e+00,1.192059421539306641e+01,1.747906923294067383e+00,8.747605323791503906e+00,4.945988953113555908e-01,8.029902458190917969e+00,-4.570045769214630127e-01,9.182593345642089844e+00,-1.174049496650695801e+00,6.127379894256591797e+00,-1.581953883171081543e+00,2.676052570343017578e+00,-1.552076697349548340e+00,1.479150772094726562e+00,-1.231447696685791016e+00,8.381841182708740234e-01,-8.557886481285095215e-01,2.809345722198486328e+00,-2.196565121412277222e-01,1.424429416656494141e+00,-2.840836048126220703e-01,2.140151739120483398e+00,-3.038078248500823975e-01,1.726374745368957520e+00,-4.306528866291046143e-01,2.192410469055175781e+00,-5.173699855804443359e-01,2.405922889709472656e+00,-5.005376935005187988e-01,1.406477808952331543e+00,-5.024986863136291504e-01,1.151316881179809570e+00,-5.223041176795959473e-01,1.382820487022399902e+00,-4.197129905223846436e-01,9.504316449165344238e-01,-2.259705960750579834e-01,8.074825406074523926e-01,-8.136293292045593262e-02,7.177558541297912598e-01,5.020388588309288025e-02,4.690264463424682617e-01,2.499120086431503296e-01,1.056340456008911133e+00,1.184007897973060608e-01,3.505842527374625206e-03
-2.372702941894531250e+02,8.314035034179687500e+02,1.683543548583984375e+02,6.361287841796875000e+02,6.977030181884765625e+01,2.611639099121093750e+02,7.876949787139892578e+00,6.797207031250000000e+02,9.576024055480957031e+00,2.665018005371093750e+02,3.150494384765625000e+01,2.142776794433593750e+02,2.713680648803710938e+01,7.134545135498046875e+01,-5.176016330718994141e+00,9.884081268310546875e+01,-3.539845657348632812e+01,1.329087829589843750e+02,-3.950378036499023438e+01,4.622418975830078125e+01,-1.941431999206542969e+01,1.010300216674804688e+02,4.887253284454345703e+00,7.819496154785156250e+01,1.691853332519531250e+01,4.601963043212890625e+01,-4.120981216430664062e+00,4.402777099609375000e+01,-4.977357387542724609e+00,2.772581481933593750e+01,-2.978111743927001953e+00,8.214179039001464844e+00,-5.508500337600708008e-01,4.106148147583007812e+01,1.646650910377502441e+00,1.594346523284912109e+01,1.931549787521362305e+00,7.916118502616882324e-01,-5.399070978164672852e-01,1.900615692138671875e-01,-2.923720121383666992e+00,7.114475369453430176e-01,-1.717129349708557129e+00,6.269691586494445801e-01,1.823078036308288574e+00,1.509925276041030884e-01,3.466869831085205078e+00,1.321777462959289551e+00,2.193591594696044922e+00,3.150457620620727539e+00,4.725379943847656250e-01,6.001926064491271973e-01,-2.738909482955932617e+00,1.498431587219238281e+01,-2.141118764877319336e+00,9.372077941894531250e+00,1.142561078071594238e+00,5.343572139739990234e+00,2.657153606414794922e+00,1.626199150085449219e+01,1.636791467666625977e+00,5.824642658233642578e+00,1.489051729440689087e-01,4.366932392120361328e+00,-1.356619149446487427e-01,1.172566294670104980e+00,2.454422712326049805e-01,1.316491484642028809e+00,2.477119714021682739e-01,2.506129741668701172e+00,1.048724651336669922e-01,9.739311784505844116e-02,4.132475554943084717e-01,6.567682623863220215e-01,7.241156697273254395e-01,1.010455131530761719e+00,3.194490969181060791e-01,6.168492436408996582e-01,1.081373095512390137e-01,4.385826177895069122e-04
-2.636952514648437500e+02,1.282722167968750000e+03,1.127056655883789062e+02,1.469905151367187500e+03,7.406285095214843750e+01,4.134515075683593750e+02,4.142614746093750000e+01,4.164556884765625000e+02,1.947475242614746094e+01,4.807799072265625000e+02,9.966254234313964844e+00,2.113152160644531250e+02,1.061298274993896484e+01,5.557601928710937500e+01,6.134695053100585938e+00,7.444595336914062500e+01,-7.546405792236328125e+00,5.075926971435546875e+01,-1.584836673736572266e+01,1.840272216796875000e+02,-1.292723560333251953e+01,2.545885162353515625e+02,-7.122672080993652344e+00,2.162645568847656250e+02,-2.129984617233276367e+00,8.383514404296875000e+01,-3.106522560119628906e+00,1.010268173217773438e+02,-4.242350578308105469e+00,1.144244079589843750e+02,-3.082721948623657227e+00,1.755508041381835938e+01,-1.347580552101135254e+00,1.702015686035156250e+01,-5.094304680824279785e-01,2.338132476806640625e+01,5.018922314047813416e-02,9.788586616516113281e+00,6.798571944236755371e-01,1.847951769828796387e+00,6.159317493438720703e-01,2.809021949768066406e+00,6.386213898658752441e-01,2.541030645370483398e+00,1.069156050682067871e+00,1.484824275970458984e+01,8.641825318336486816e-01,1.627072715759277344e+01,4.148340225219726562e-01,1.243417930603027344e+01,1.787944883108139038e-01,5.002483844757080078e+00,-7.935769557952880859e-01,3.628897476196289062e+01,-1.048345208168029785e+00,4.227719116210937500e+01,-6.768569946289062500e-01,1.057256698608398438e+01,-1.855185925960540771e-01,9.423869132995605469e+00,4.669483751058578491e-03,1.347651004791259766e+01,6.650334596633911133e-02,6.532988071441650391e+00,1.512440145015716553e-01,7.780615091323852539e-01,1.326540708541870117e-01,1.115447044372558594e+00,2.298169434070587158e-01,4.919338226318359375e-01,4.674008786678314209e-01,4.987021923065185547e+00,4.995757937431335449e-01,9.988567352294921875e+00,4.013315141201019287e-01,7.972760200500488281e+00,3.243663012981414795e-01,2.365625143051147461e+00,9.211754053831100464e-02,6.316534127108752728e-04
-3.182486267089843750e+02,4.525307617187500000e+02,6.501007080078125000e+01,1.973611938476562500e+03,5.744888305664062500e+01,1.775195556640625000e+03,7.579162597656250000e+01,5.111308593750000000e+02,4.226149368286132812e+01,7.918067626953125000e+02,2.607111549377441406e+01,5.557407836914062500e+02,3.100084877014160156e+01,7.606873321533203125e+01,7.078534603118896484e+00,5.124742889404296875e+01,-4.502137184143066406e+00,2.061357116699218750e+01,-6.926655769348144531e+00,7.865333557128906250e+01,-1.606136131286621094e+01,1.057953720092773438e+02,-1.512892150878906250e+01,8.651374816894531250e+01,-1.885085487365722656e+01,6.947409820556640625e+01,6.331151008605957031e+00,5.033653259277343750e+00,1.580074596405029297e+01,7.926041603088378906e+00,1.517185783386230469e+01,6.784946441650390625e+00,6.734737396240234375e+00,5.476102352142333984e+00,1.048106575012207031e+01,2.577788591384887695e+00,9.087322235107421875e+00,1.544087767601013184e+00,1.839243292808532715e+00,3.605690896511077881e-01,2.835548400878906250e+00,1.489499509334564209e-01,1.635897874832153320e+00,1.168458610773086548e-01,-2.138621091842651367e+00,3.611778020858764648e-01,-2.518821716308593750e+00,1.016858816146850586e+00,-3.077778100967407227e+00,3.386534750461578369e-01,-3.052508831024169922e+00,3.754803538322448730e-01,-2.392528295516967773e+00,3.162906169891357422e+00,-2.686949968338012695e+00,2.270406150817871094e+01,-2.443801879882812500e+00,2.062956809997558594e+01,-2.480293035507202148e+00,3.231674194335937500e+00,-1.403829216957092285e+00,9.515909194946289062e+00,-9.814649820327758789e-01,6.809394836425781250e+00,-6.065925955772399902e-01,9.366568177938461304e-02,3.032434582710266113e-01,5.816379785537719727e-01,3.362267613410949707e-01,1.524008214473724365e-01,6.474237442016601562e-01,7.035307884216308594e-01,1.124217629432678223e+00,7.871571183204650879e-01,5.694260597229003906e-01,9.812937974929809570e-01,5.875201225280761719e-01,7.764199972152709961e-01,7.107187807559967041e-02,7.543863030150532722e-04
-2.761701354980468750e+02,3.066507263183593750e+02,6.065457534790039062e+01,1.383010375976562500e+03,6.033489227294921875e+01,6.720214233398437500e+02,6.542296600341796875e+01,3.582217407226562500e+02,4.060760116577148438e+01,9.319608154296875000e+02,3.839744567871093750e+01,1.582639007568359375e+02,2.577390670776367188e+01,9.728804779052734375e+01,9.847054481506347656e+00,1.459647216796875000e+02,8.081459999084472656e+00,8.071080017089843750e+01,-4.635298728942871094e+00,1.401129302978515625e+02,-1.654309844970703125e+01,4.225994110107421875e+01,-9.851613044738769531e+00,1.878995056152343750e+02,-1.546271228790283203e+01,1.340718383789062500e+02,-2.505611181259155273e+00,2.035625457763671875e+01,-6.571235656738281250e+00,4.009407043457031250e+01,-5.023416996002197266e+00,2.685221099853515625e+01,-3.074649572372436523e+00,2.209396362304687500e+01,-5.290981769561767578e+00,2.142298507690429688e+01,-2.245523691177368164e+00,7.074001789093017578e+00,-1.497611522674560547e+00,4.542510032653808594e+00,-2.283893108367919922e+00,1.086682081222534180e+00,1.250322908163070679e-01,2.645707130432128906e+00,5.718863010406494141e-01,7.467616558074951172e+00,1.819008961319923401e-02,4.294212341308593750e+00,1.761528253555297852e+00,6.264129638671875000e+00,1.530566096305847168e+00,4.645580768585205078e+00,-8.442237377166748047e-01,4.819642543792724609e+00,-2.259701192378997803e-01,1.895937919616699219e+01,-4.518062472343444824e-01,1.218840694427490234e+01,-8.652305603027343750e-01,6.713538646697998047e+00,-1.076834350824356079e-01,9.112832069396972656e+00,-4.516193270683288574e-01,3.536196708679199219e+00,-3.151312172412872314e-01,3.105718851089477539e+00,-8.586030453443527222e-03,5.562599301338195801e-01,-1.898975074291229248e-01,2.427270650863647461e+00,-7.104033976793289185e-02,3.161777973175048828e+00,2.568170130252838135e-01,6.015166044235229492e-01,-4.231676831841468811e-02,4.198154926300048828e+00,-3.253570059314370155e-03,2.521529674530029297e+00,1.002983227372169495e-01,1.243630307726562023e-03
-2.985331420898437500e+02,6.530717163085937500e+02,3.854195022583007812e+01,3.005913330078125000e+03,6.213312149047851562e+01,4.122397460937500000e+02,8.140128326416015625e+01,4.530547485351562500e+02,1.227952766418457031e+01,2.151384277343750000e+03,5.280340576171875000e+01,3.623430175781250000e+02,2.049766921997070312e+01,7.006500244140625000e+01,-3.867151737213134766e+00,1.335251770019531250e+02,1.383922958374023438e+01,4.162318725585937500e+02,-9.633899688720703125e+00,1.427746429443359375e+02,-1.374960899353027344e+01,1.013033752441406250e+02,-3.641081809997558594e+00,1.790270996093750000e+02,-1.118158531188964844e+01,1.981650543212890625e+02,3.602123260498046875e-01,6.229160308837890625e+01,-6.584640979766845703e+00,3.803686523437500000e+01,-2.679259777069091797e+00,6.138181686401367188e+00,5.783362388610839844e-01,3.751499938964843750e+01,-4.828543663024902344e+00,4.408971405029296875e+01,1.846574068069458008e+00,1.913422393798828125e+01,1.186944365501403809e+00,1.102058172225952148e+00,3.141307830810546875e-02,9.950309753417968750e+00,3.679172039031982422e+00,5.362473487854003906e+00,2.705907344818115234e+00,6.222344398498535156e+00,1.737450718879699707e+00,2.626794576644897461e+00,3.090774297714233398e+00,1.696265459060668945e+00,2.687066555023193359e+00,2.154407262802124023e+00,-2.367999076843261719e+00,1.798075485229492188e+01,1.247948169708251953e+00,7.150833892822265625e+01,-4.476964473724365234e-01,8.368624687194824219e+00,-1.761444568634033203e+00,1.163508415222167969e+01,1.675802946090698242e+00,5.378775405883789062e+01,-1.276908397674560547e+00,9.129391670227050781e+00,4.070590138435363770e-01,4.809254407882690430e-01,9.213634133338928223e-01,3.754232883453369141e+00,-3.508621454238891602e-01,8.854484558105468750e+00,7.682040929794311523e-01,2.239258050918579102e+00,3.672769367694854736e-01,1.950016856193542480e+00,-5.494147539138793945e-02,2.810243129730224609e+00,2.612341642379760742e-01,3.771471977233886719e+00,6.854894012212753296e-02,4.666552995331585407e-04
-2.847167053222656250e+02,1.386012817382812500e+03,7.136174774169921875e+01,6.813043457031250000e+03,5.477581787109375000e+01,1.681931884765625000e+03,5.478881835937500000e+01,5.157031860351562500e+02,5.331422328948974609e+00,1.729876220703125000e+03,1.642339515686035156e+01,6.757387695312500000e+02,2.280329704284667969e+00,2.708590393066406250e+02,-1.386600971221923828e+01,1.302167663574218750e+02,-4.946421623229980469e+00,4.626542358398437500e+02,-1.548850154876708984e+01,2.835028686523437500e+02,-1.614555549621582031e+01,8.225666046142578125e+01,-3.495676040649414062e+00,1.307627410888671875e+02,-4.190657138824462891e+00,6.692527008056640625e+01,-1.330319046974182129e+00,1.464824066162109375e+02,-7.272102832794189453e+00,3.314862976074218750e+02,-4.953419208526611328e+00,5.732697296142578125e+01,-6.557691693305969238e-01,2.644900512695312500e+01,-4.208109378814697266e+00,2.614640998840332031e+01,-5.123558640480041504e-01,4.731278610229492188e+01,6.441286802291870117e-01,1.144727420806884766e+01,-8.379338979721069336e-01,2.881779909133911133e+00,8.864846825599670410e-01,1.886903953552246094e+01,7.611094713211059570e-01,1.711389732360839844e+01,2.547246813774108887e-01,6.658154010772705078e+00,8.910536766052246094e-01,2.203229665756225586e+00,6.287039518356323242e-01,4.983055591583251953e-01,-1.773446798324584961e+00,1.306047725677490234e+01,-6.681059002876281738e-01,8.456439208984375000e+01,-1.042384028434753418e+00,1.496495819091796875e+01,-1.053479790687561035e+00,2.060308837890625000e+01,6.988878846168518066e-01,4.357570648193359375e+01,-2.439175695180892944e-01,2.016038703918457031e+01,4.476227164268493652e-01,3.614004850387573242e+00,6.283478140830993652e-01,1.687046766281127930e+00,-7.308795303106307983e-02,9.844095230102539062e+00,2.272813171148300171e-01,5.342232227325439453e+00,2.070032060146331787e-01,1.239979982376098633e+00,-1.384905278682708740e-01,1.449153661727905273e+00,2.485400997102260590e-02,6.473602056503295898e-01,8.218677341938018799e-02,1.203071093186736107e-03
-2.999289855957031250e+02,4.063296875000000000e+03,1.102272491455078125e+02,6.159383789062500000e+03,6.498200988769531250e+01,2.310910156250000000e+03,2.900812911987304688e+01,5.753164672851562500e+02,1.009211158752441406e+01,2.505092926025390625e+02,7.762429237365722656e+00,2.947961425781250000e+02,1.077995967864990234e+01,3.422260437011718750e+02,3.304941177368164062e+00,9.254251861572265625e+01,-1.122623538970947266e+01,5.520038604736328125e+01,-2.009019088745117188e+01,1.890661163330078125e+02,-2.075105476379394531e+01,2.388231201171875000e+02,-1.785910224914550781e+01,1.950027160644531250e+02,-1.411024665832519531e+01,1.112145080566406250e+02,1.732890129089355469e+01,3.593301773071289062e+01,2.091652107238769531e+01,7.286036682128906250e+01,1.056309223175048828e+01,6.526806640625000000e+01,1.008323431015014648e+00,2.965811538696289062e+01,4.223596453666687012e-01,3.807371139526367188e+00,3.510497093200683594e+00,4.922457695007324219e+00,3.407935380935668945e+00,1.477670288085937500e+01,1.152958631515502930e+00,2.545643091201782227e+00,-1.762299418449401855e+00,1.030229330062866211e+00,-4.029750347137451172e+00,2.165967464447021484e+00,-4.295818328857421875e+00,1.724403381347656250e+00,-3.212879180908203125e+00,4.505653381347656250e+00,-1.280403614044189453e+00,6.757647037506103516e+00,-6.609437465667724609e-01,4.683757781982421875e+01,-1.480897426605224609e+00,7.513706970214843750e+01,-1.914564132690429688e+00,3.989952850341796875e+01,-1.299956679344177246e+00,1.457656002044677734e+01,-2.888159751892089844e-01,5.212622642517089844e+00,7.269225120544433594e-01,2.426055192947387695e+00,1.051084041595458984e+00,5.321057319641113281e+00,3.068934679031372070e-01,1.607776761054992676e+00,-3.514579236507415771e-01,2.320615947246551514e-01,-3.295336365699768066e-01,8.876879215240478516e-01,2.353763580322265625e-02,1.954145550727844238e+00,5.313967466354370117e-01,3.083769559860229492e+00,7.357615232467651367e-01,2.824823856353759766e+00,7.511979341506958008e-02,1.978748477995395660e-03
-2.681088256835937500e+02,1.078246582031250000e+03,9.832331085205078125e+01,1.148851074218750000e+03,7.477442932128906250e+01,2.954884948730468750e+02,6.229594421386718750e+01,2.752278137207031250e+02,5.470937728881835938e+01,1.279321594238281250e+02,4.128990173339843750e+01,4.130480957031250000e+01,2.296291732788085938e+01,5.747462844848632812e+01,2.399648666381835938e+00,4.679634399414062500e+02,-1.347061538696289062e+01,6.841811523437500000e+02,-1.433951377868652344e+01,2.608848571777343750e+02,-5.986401557922363281e+00,6.319544601440429688e+01,-5.270495414733886719e+00,1.831901550292968750e+02,-1.220557022094726562e+01,1.056446990966796875e+02,-1.010446739196777344e+01,4.832468032836914062e+00,-1.070803260803222656e+01,6.963441371917724609e+00,-4.131202697753906250e+00,1.621179199218750000e+01,-1.048278927803039551e+00,2.608320808410644531e+01,-1.821164250373840332e+00,1.007794570922851562e+01,-1.889223814010620117e+00,8.002399206161499023e-01,1.338070869445800781e+00,1.996904134750366211e+00,5.774611473083496094e+00,8.940605163574218750e+00,7.502648830413818359e+00,7.315838336944580078e+00,4.903723716735839844e+00,1.104324340820312500e+00,5.427595376968383789e-01,4.146705627441406250e+00,-1.387176036834716797e+00,1.057391929626464844e+01,-1.688629388809204102e-01,6.993656158447265625e+00,-3.269023895263671875e-01,2.775450229644775391e+00,-7.029849290847778320e-01,2.496915340423583984e+00,-1.292803287506103516e+00,3.907932519912719727e+00,-1.578472375869750977e+00,7.262427806854248047e+00,-1.017384052276611328e+00,2.453190326690673828e+00,-3.186386823654174805e-01,2.354483008384704590e-01,-3.613065481185913086e-01,1.105443000793457031e+00,-6.784770488739013672e-01,4.947663307189941406e+00,-4.887574315071105957e-01,4.321133613586425781e+00,6.554242968559265137e-02,5.058685541152954102e-01,5.827603340148925781e-01,1.735430240631103516e+00,8.851142525672912598e-01,4.846758842468261719e+00,7.545005083084106445e-01,2.962645769119262695e+00,9.930691123008728027e-02,7.979655638337135315e-04
-3.139676513671875000e+02,2.564576416015625000e+03,4.642541503906250000e+01,5.265452636718750000e+03,3.830567169189453125e+01,9.811904907226562500e+02,3.982527542114257812e+01,1.016236572265625000e+03,1.096487522125244141e+01,1.758726562500000000e+03,4.062924194335937500e+01,8.530673217773437500e+02,2.271211814880371094e+01,3.091376647949218750e+02,-6.505064487457275391e+00,2.025199127197265625e+02,-6.306926727294921875e+00,9.251778564453125000e+02,-1.464992046356201172e+01,4.420753784179687500e+02,-1.228447055816650391e+01,1.357863922119140625e+02,-2.225111484527587891e+00,9.620204925537109375e+01,-3.681984901428222656e+00,8.032714843750000000e+01,3.417182683944702148e+00,1.253944473266601562e+02,-3.022126674652099609e+00,2.771003417968750000e+02,7.781073451042175293e-02,5.440512847900390625e+01,3.291929244995117188e+00,2.174209403991699219e+01,-3.434553384780883789e+00,7.852744293212890625e+01,2.043310880661010742e+00,3.721609878540039062e+01,6.504231095314025879e-01,1.875563621520996094e+01,-1.788990497589111328e+00,6.942749977111816406e+00,1.567235112190246582e+00,4.350234985351562500e+01,1.280016005039215088e-01,2.527482604980468750e+01,-8.210339546203613281e-01,6.129505634307861328e+00,7.802475690841674805e-01,3.316892623901367188e+00,2.978863716125488281e-01,2.919067859649658203e+00,-7.076631784439086914e-01,8.955444335937500000e+01,-3.303477466106414795e-01,8.337046813964843750e+01,-5.756325721740722656e-01,2.307466125488281250e+01,-5.882175564765930176e-01,1.506857490539550781e+01,-1.149575039744377136e-01,1.762443542480468750e+01,-5.401068925857543945e-01,2.693478584289550781e+01,-1.425203979015350342e-01,7.657205104827880859e+00,-1.573548913002014160e-01,4.739179134368896484e+00,-9.752934426069259644e-02,1.366171836853027344e+01,9.095433354377746582e-02,1.115934848785400391e+01,-1.291014906018972397e-02,4.542780876159667969e+00,6.352043151855468750e-02,1.724201321601867676e+00,-4.743634909391403198e-02,1.017219424247741699e+00,5.470449477434158325e-02,1.279536401852965355e-03
-2.754761962890625000e+02,5.710086059570312500e+02,6.659867858886718750e+01,7.174362182617187500e+02,5.774734115600585938e+01,5.072078247070312500e+02,5.489788055419921875e+01,4.977123107910156250e+02,4.625816726684570312e+01,3.940573730468750000e+02,3.010016059875488281e+01,1.361970367431640625e+02,1.887334442138671875e+01,9.649463653564453125e+01,1.207092380523681641e+01,5.130643844604492188e+01,1.666109442710876465e+00,6.297490692138671875e+01,-7.651908397674560547e+00,1.474281616210937500e+02,-1.008884811401367188e+01,9.558860015869140625e+01,-1.149826335906982422e+01,8.369069671630859375e+01,-1.432033634185791016e+01,1.077179107666015625e+02,6.177608370780944824e-01,2.373829650878906250e+01,7.103244066238403320e-01,3.289029693603515625e+01,5.914376378059387207e-01,2.550585365295410156e+01,7.780535221099853516e-01,2.066989135742187500e+01,8.312351107597351074e-01,1.456010913848876953e+01,6.135414838790893555e-01,5.898930549621582031e+00,5.559548735618591309e-01,4.139241695404052734e+00,6.492393016815185547e-01,1.901504397392272949e+00,5.063895583152770996e-01,3.558428525924682617e+00,2.527040243148803711e-01,7.513565063476562500e+00,1.932416558265686035e-01,5.394394874572753906e+00,1.370886862277984619e-01,4.971421718597412109e+00,-9.515748918056488037e-02,5.293896675109863281e+00,-4.342286884784698486e-01,1.225834560394287109e+01,-4.543770849704742432e-01,1.846629333496093750e+01,-2.968453764915466309e-01,1.555915737152099609e+01,-3.721500933170318604e-01,1.106264781951904297e+01,-3.194023668766021729e-01,7.616707324981689453e+00,-4.692742973566055298e-02,4.251648426055908203e+00,6.204327195882797241e-02,3.020364284515380859e+00,1.323800254613161087e-02,7.429859042167663574e-01,1.197900995612144470e-01,1.112545967102050781e+00,2.611475884914398193e-01,2.848682641983032227e+00,2.002479135990142822e-01,1.647018551826477051e+00,1.206743642687797546e-01,1.358871817588806152e+00,1.671302616596221924e-01,1.457518696784973145e+00,8.429802954196929932e-02,1.020925119519233704e-03
-2.855011596679687500e+02,1.614585571289062500e+03,9.164167785644531250e+01,3.789251953125000000e+03,5.661476135253906250e+01,2.545097900390625000e+03,5.813103485107421875e+01,9.896752929687500000e+02,3.818658065795898438e+01,3.452630920410156250e+02,2.248417091369628906e+01,1.316195800781250000e+03,1.819503784179687500e+01,5.684142456054687500e+02,5.857752323150634766e+00,4.558718566894531250e+02,-1.213251399993896484e+01,4.814062194824218750e+02,-1.440557098388671875e+01,2.355840454101562500e+02,-7.803919792175292969e+00,1.096985855102539062e+02,-7.073646068572998047e+00,9.189215087890625000e+01,-1.206581687927246094e+01,5.787666702270507812e+01,3.892852067947387695e+00,4.796148300170898438e+01,5.236357688903808594e+00,1.785545654296875000e+02,4.058515071868896484e+00,1.320391387939453125e+02,2.321914911270141602e+00,4.428934860229492188e+01,9.112294316291809082e-01,1.431067657470703125e+01,-1.010992005467414856e-01,5.142186355590820312e+01,-6.254797577857971191e-01,2.239654731750488281e+01,-7.265974879264831543e-01,1.683331298828125000e+01,-5.973887443542480469e-01,2.255167579650878906e+01,-3.831198215484619141e-01,1.124645328521728516e+01,-4.816737771034240723e-01,5.922622203826904297e+00,-6.740512847900390625e-01,5.649227142333984375e+00,-6.688650250434875488e-01,1.730959057807922363e+00,-5.827916264533996582e-01,1.640926551818847656e+01,-6.112853288650512695e-01,1.007807617187500000e+02,-3.898132443428039551e-01,4.801998138427734375e+01,-2.707235515117645264e-01,3.271262741088867188e+01,3.518088953569531441e-03,6.535089969635009766e+00,1.673690974712371826e-01,2.241371536254882812e+01,1.532515883445739746e-01,4.397231578826904297e+00,9.751994907855987549e-02,1.582073879241943359e+01,7.213170081377029419e-02,1.188558387756347656e+01,9.823680669069290161e-02,4.662317752838134766e+00,5.520182102918624878e-02,3.420484066009521484e+00,6.852081418037414551e-02,1.925737261772155762e+00,1.390485018491744995e-01,1.130817651748657227e+00,8.242326974868774414e-02,1.192237134091556072e-03
-3.594875793457031250e+02,5.816411743164062500e+02,1.482561874389648438e+01,5.810443359375000000e+03,5.158090591430664062e+01,1.287572875976562500e+03,8.938372802734375000e+01,4.747783203125000000e+02,-7.974265098571777344e+00,3.746760498046875000e+03,5.364271163940429688e+01,4.417147827148437500e+02,2.319428253173828125e+01,1.245365371704101562e+02,-9.650981903076171875e+00,2.084121551513671875e+02,1.626584625244140625e+01,3.983655090332031250e+02,-4.822781562805175781e+00,1.109374771118164062e+02,-1.530843639373779297e+01,8.001735687255859375e+01,-1.196277379989624023e+00,1.978300781250000000e+02,-4.696153640747070312e+00,2.628985595703125000e+02,-2.337332725524902344e+00,4.095098114013671875e+01,-7.268323421478271484e+00,1.455553283691406250e+02,-5.017323493957519531e+00,2.324657440185546875e+01,-2.614853382110595703e+00,2.648892974853515625e+01,-5.331886768341064453e+00,9.914341735839843750e+01,-1.284663438796997070e+00,2.798503875732421875e+01,-7.781137824058532715e-01,1.780426502227783203e+00,-1.600120067596435547e+00,5.170411109924316406e+00,8.399900197982788086e-01,1.347680187225341797e+01,1.257318019866943359e+00,1.338971495628356934e+00,2.973741590976715088e-01,1.358249187469482422e+00,1.401925921440124512e+00,3.971566915512084961e+00,1.752381682395935059e+00,4.806657314300537109e+00,-6.642612814903259277e-01,1.454442310333251953e+01,8.352653980255126953e-01,1.704869537353515625e+02,3.464122489094734192e-02,2.203484344482421875e+01,-4.561603367328643799e-01,9.107141494750976562e+00,7.101299166679382324e-01,1.142409362792968750e+02,-4.859403967857360840e-01,1.364659309387207031e+01,2.079819291830062866e-01,2.098948240280151367e+00,1.246287301182746887e-01,3.980764627456665039e+00,-1.963692456483840942e-01,1.453544139862060547e+01,1.792950928211212158e-01,2.271957159042358398e+00,4.215246438980102539e-02,2.125900745391845703e+00,-1.611024513840675354e-02,4.826052188873291016e+00,1.795622985810041428e-03,6.417562961578369141e+00,5.021970346570014954e-02,1.944840623764321208e-04
-2.445966644287109375e+02,2.329277099609375000e+03,1.081371383666992188e+02,2.773697265625000000e+03,6.566788482666015625e+01,5.568868408203125000e+02,2.848539161682128906e+01,4.262102050781250000e+02,1.201941013336181641e+01,6.816728515625000000e+02,1.586501312255859375e+01,3.246028137207031250e+02,2.508611106872558594e+01,8.449949645996093750e+01,2.107649421691894531e+01,4.271496200561523438e+01,4.171075344085693359e+00,5.774716186523437500e+01,-9.104396820068359375e+00,1.723565673828125000e+02,-1.009178066253662109e+01,1.040232467651367188e+02,-1.809437155723571777e+00,9.121801376342773438e+00,8.836622238159179688e+00,8.474684906005859375e+01,4.481734752655029297e+00,9.797528839111328125e+01,6.430389404296875000e+00,1.171107406616210938e+02,6.547479152679443359e+00,1.652456092834472656e+01,6.411434650421142578e+00,4.377923488616943359e+00,5.841427326202392578e+00,1.547806167602539062e+01,4.777578830718994141e+00,5.636237621307373047e+00,3.391523599624633789e+00,3.963162004947662354e-01,2.043568849563598633e+00,4.795421063899993896e-01,9.596466422080993652e-01,1.987791657447814941e+00,1.517679691314697266e-01,8.049199104309082031e+00,-4.283709526062011719e-01,5.306335926055908203e+00,-8.765013813972473145e-01,1.183242797851562500e-01,-1.254027247428894043e+00,3.819153785705566406e+00,-6.346443653106689453e+00,3.166800498962402344e+01,-6.854209423065185547e+00,3.811739730834960938e+01,-2.367415666580200195e+00,6.717517375946044922e+00,1.299989104270935059e+00,4.354954242706298828e+00,2.563040494918823242e+00,8.523066520690917969e+00,1.500417351722717285e+00,4.144056797027587891e+00,-2.221984416246414185e-01,7.930935025215148926e-01,-4.160200059413909912e-01,1.659844666719436646e-01,8.855374455451965332e-01,6.609060168266296387e-01,1.770811557769775391e+00,2.691243171691894531e+00,1.395850300788879395e+00,1.801905035972595215e+00,1.965340375900268555e-01,1.330707222223281860e-01,-1.178868889808654785e+00,1.441345214843750000e+00,1.043800339102745056e-01,5.725132650695741177e-04
-2.869680786132812500e+02,2.543468933105468750e+02,1.036673126220703125e+02,3.523681945800781250e+02,8.942242431640625000e+01,1.299325714111328125e+02,7.366767883300781250e+01,3.770993423461914062e+01,5.816119766235351562e+01,1.377095794677734375e+01,4.205450057983398438e+01,4.711207389831542969e+00,2.476391220092773438e+01,3.579495191574096680e+00,6.350152969360351562e+00,4.916608047485351562e+01,-9.682243347167968750e+00,1.547741394042968750e+02,-1.750109100341796875e+01,1.611611175537109375e+02,-1.674738693237304688e+01,5.900658416748046875e+01,-1.332990646362304688e+01,9.392565727233886719e+00,-1.098229026794433594e+01,3.299733161926269531e+00,2.311831712722778320e-02,1.409652352333068848e+00,6.961742043495178223e-02,1.946036100387573242e+00,1.475528031587600708e-01,7.055426239967346191e-01,2.198620885610580444e-01,1.984818428754806519e-01,2.733197808265686035e-01,6.742139905691146851e-02,2.954517602920532227e-01,1.521919481456279755e-02,2.664132118225097656e-01,1.171475648880004883e-02,1.842774003744125366e-01,2.691646516323089600e-01,4.636293649673461914e-02,8.588130474090576172e-01,-1.513254046440124512e-01,8.938190937042236328e-01,-3.644951283931732178e-01,3.159990310668945312e-01,-5.196989178657531738e-01,3.952377289533615112e-02,-5.898889899253845215e-01,8.280495181679725647e-03,-2.137676715850830078e+00,1.714793741703033447e-01,-2.511660575866699219e+00,2.377893477678298950e-01,-1.512295246124267578e+00,8.942236006259918213e-02,-8.019120097160339355e-01,2.953132055699825287e-02,-4.668548703193664551e-01,1.523562055081129074e-02,-2.205241918563842773e-01,1.015090569853782654e-02,1.933791637420654297e-01,8.026522584259510040e-03,9.339551925659179688e-01,3.586055338382720947e-02,1.668530821800231934e+00,1.046028137207031250e-01,1.702142119407653809e+00,1.104081049561500549e-01,1.011557817459106445e+00,4.997290670871734619e-02,3.544955253601074219e-01,2.505551651120185852e-02,1.531523615121841431e-01,2.331825345754623413e-02,9.463775157928466797e-02,2.540658715588506311e-05
-2.502969665527343750e+02,2.186467041015625000e+03,1.087521972656250000e+02,2.039741088867187500e+03,6.535422515869140625e+01,2.364158782958984375e+02,3.287258529663085938e+01,9.682256469726562500e+02,2.071240425109863281e+01,1.029508666992187500e+03,2.161954498291015625e+01,3.646863403320312500e+02,2.338789558410644531e+01,7.309888458251953125e+01,1.277065753936767578e+01,6.379383850097656250e+01,-7.840437412261962891e+00,2.204075775146484375e+02,-1.791489982604980469e+01,3.585197448730468750e+02,-8.204977989196777344e+00,4.774367523193359375e+01,5.946346759796142578e+00,2.261370544433593750e+02,9.712002754211425781e+00,3.800389709472656250e+02,7.377100586891174316e-01,1.746432952880859375e+02,1.868358254432678223e+00,1.671923217773437500e+02,3.465928554534912109e+00,3.289372205734252930e+00,4.370170116424560547e+00,3.408912277221679688e+01,4.111669063568115234e+00,4.575881195068359375e+01,3.107872009277343750e+00,1.372530269622802734e+01,1.982727408409118652e+00,1.347051262855529785e-01,1.355755686759948730e+00,7.079216837882995605e-01,1.273678660392761230e+00,1.844334983825683594e+01,9.351911544799804688e-01,2.961327552795410156e+01,-1.278332322835922241e-01,2.165129661560058594e+00,-1.261967897415161133e+00,1.110762691497802734e+01,-1.748640775680541992e+00,2.212506294250488281e+01,-1.984121203422546387e+00,6.404284667968750000e+01,-2.128139734268188477e+00,5.936008453369140625e+01,-7.770547270774841309e-01,2.262983560562133789e+00,1.913651525974273682e-01,1.871894454956054688e+01,4.954808354377746582e-01,2.061875915527343750e+01,3.608887791633605957e-01,5.161550045013427734e+00,1.399182677268981934e-01,3.600365519523620605e-01,2.610796093940734863e-01,6.116442084312438965e-01,7.255036830902099609e-01,3.775219678878784180e+00,9.222309589385986328e-01,7.991290092468261719e+00,4.991307258605957031e-01,8.315315246582031250e-01,-9.168564528226852417e-02,6.026781082153320312e+00,-3.346671760082244873e-01,9.325677871704101562e+00,9.369340538978576660e-02,3.233437601011246443e-04
-2.910565185546875000e+02,4.696684570312500000e+03,1.121620788574218750e+02,5.195937500000000000e+03,4.733714294433593750e+01,8.405644531250000000e+02,1.887006187438964844e+01,1.039029785156250000e+03,1.453677177429199219e+01,7.437655029296875000e+02,1.586885070800781250e+01,3.172404479980468750e+02,1.644804382324218750e+01,2.579638671875000000e+02,5.990450382232666016e+00,1.334898529052734375e+02,-1.094114875793457031e+01,1.589725952148437500e+02,-1.920944595336914062e+01,3.183973999023437500e+02,-1.373692131042480469e+01,2.613666992187500000e+02,-3.921846151351928711e+00,2.848927917480468750e+02,8.765822649002075195e-01,2.074854583740234375e+02,-6.814204216003417969e+00,3.115742797851562500e+02,-8.862916946411132812e+00,2.701360168457031250e+02,-6.199290752410888672e+00,2.918722867965698242e+00,-3.558772087097167969e+00,7.314369201660156250e+01,-3.160571813583374023e+00,4.261246871948242188e+01,-3.186649322509765625e+00,6.422193527221679688e+00,-2.409977674484252930e+00,4.806055068969726562e+00,-1.476942300796508789e+00,2.383764505386352539e+00,-1.283481121063232422e-01,1.202257251739501953e+01,1.158453702926635742e+00,2.128243827819824219e+01,1.572003245353698730e+00,8.027214050292968750e+00,1.543497562408447266e+00,1.038289737701416016e+01,1.261086702346801758e+00,1.220431041717529297e+01,-1.534471511840820312e+00,6.326971054077148438e+01,-1.244201064109802246e+00,5.858969879150390625e+01,9.186383336782455444e-02,6.069299697875976562e+00,5.995146036148071289e-01,3.880511093139648438e+01,6.049835681915283203e-01,2.784640693664550781e+01,9.027735888957977295e-02,5.656194210052490234e+00,-2.984099984169006348e-01,4.324996948242187500e+00,7.437254488468170166e-02,1.117591381072998047e+00,4.323742985725402832e-01,2.133419990539550781e+00,4.080149829387664795e-01,4.729027748107910156e+00,3.341536521911621094e-01,4.479356765747070312e+00,1.278383284807205200e-01,7.212910175323486328e+00,-1.955082565546035767e-01,6.717481613159179688e+00,7.173610478639602661e-02,1.834876718930900097e-03
-3.107301940917968750e+02,4.882233276367187500e+02,6.189591598510742188e+01,8.838566284179687500e+02,5.755434036254882812e+01,7.237322998046875000e+02,5.238818740844726562e+01,5.847514038085937500e+02,4.508378219604492188e+01,4.047234802246093750e+02,3.529725265502929688e+01,2.048436279296875000e+02,2.557696533203125000e+01,8.679335784912109375e+01,1.709404563903808594e+01,3.399961471557617188e+01,8.413545608520507812e+00,1.998147010803222656e+01,-1.486297994852066040e-01,5.294617843627929688e+01,-6.225453853607177734e+00,8.329438781738281250e+01,-9.850045204162597656e+00,8.482834625244140625e+01,-1.296239662170410156e+01,9.544543457031250000e+01,4.369111537933349609e+00,2.465281105041503906e+01,5.965913295745849609e+00,4.501166152954101562e+01,5.499363422393798828e+00,3.736713790893554688e+01,4.942341327667236328e+00,3.067316627502441406e+01,4.160781860351562500e+00,2.178876876831054688e+01,3.124834299087524414e+00,1.143824958801269531e+01,2.108585834503173828e+00,4.744335651397705078e+00,1.239122986793518066e+00,1.581364870071411133e+00,3.698417246341705322e-01,9.335388988256454468e-02,-4.613557755947113037e-01,7.162419557571411133e-01,-1.005565047264099121e+00,2.181928157806396484e+00,-1.270702481269836426e+00,2.967184782028198242e+00,-1.463967919349670410e+00,4.003596782684326172e+00,-2.013039827346801758e+00,9.837077140808105469e+00,-2.725078582763671875e+00,1.751538467407226562e+01,-2.486921548843383789e+00,1.401957130432128906e+01,-2.247102022171020508e+00,1.143268871307373047e+01,-1.890003561973571777e+00,7.848729610443115234e+00,-1.373694181442260742e+00,3.622344970703125000e+00,-8.849361538887023926e-01,1.296101450920104980e+00,-5.009180307388305664e-01,4.448390305042266846e-01,-9.145530313253402710e-02,2.861692607402801514e-01,3.330114185810089111e-01,1.111201405525207520e+00,5.947247147560119629e-01,1.836658358573913574e+00,7.026575207710266113e-01,1.832811474800109863e+00,8.151055574417114258e-01,2.085578441619873047e+00,7.209783047437667847e-02,5.405441042967140675e-04
-3.025686645507812500e+02,4.566341247558593750e+02,7.479180145263671875e+01,1.363525756835937500e+03,6.411975860595703125e+01,8.552241210937500000e+02,6.466329193115234375e+01,2.182478790283203125e+02,4.625831604003906250e+01,2.837896423339843750e+02,3.083801460266113281e+01,3.000604553222656250e+02,1.828328323364257812e+01,6.862670135498046875e+01,9.218980789184570312e+00,1.175456237792968750e+02,-1.411434769630432129e+00,2.916865539550781250e+02,-8.036276817321777344e+00,6.569480133056640625e+01,1.997199058532714844e-01,6.260609054565429688e+01,-3.115139245986938477e+00,3.540793228149414062e+01,-1.054031467437744141e+01,4.610807895660400391e+00,2.577113151550292969e+00,1.718677711486816406e+01,2.828200101852416992e+00,6.701098632812500000e+01,5.744707107543945312e+00,3.546253585815429688e+01,2.980266809463500977e+00,8.847487449645996094e+00,6.194863915443420410e-01,1.504974651336669922e+01,6.565323352813720703e+00,1.954165816307067871e+00,1.976659774780273438e+00,3.640570342540740967e-01,-4.354957863688468933e-02,3.020521879196166992e+00,4.160354614257812500e+00,8.258837699890136719e+00,1.311049818992614746e+00,1.809684276580810547e+00,-2.234611958265304565e-01,3.494990348815917969e+00,9.475873112678527832e-01,1.683224558830261230e+00,5.945432782173156738e-01,1.362867653369903564e-02,-2.702211618423461914e+00,5.712888240814208984e+00,-5.058525085449218750e+00,2.239024925231933594e+01,-3.559987306594848633e+00,1.298499679565429688e+01,-1.787444591522216797e+00,3.190797805786132812e+00,-2.316974878311157227e+00,5.113282680511474609e+00,-5.002789497375488281e-01,2.636957645416259766e+00,4.634123146533966064e-01,6.221637129783630371e-01,1.238303065299987793e+00,1.034006714820861816e+00,1.798592448234558105e+00,3.438594102859497070e+00,8.842713236808776855e-01,8.836181759834289551e-01,1.077920556068420410e+00,1.132151246070861816e+00,7.075818181037902832e-01,5.832820534706115723e-01,7.575244456529617310e-02,4.716865345835685730e-02,7.453011721372604370e-02,2.332328003831207752e-04
-2.446482696533203125e+02,3.999254226684570312e+01,1.768230247497558594e+01,3.832491210937500000e+03,3.994166946411132812e+01,8.365274047851562500e+02,6.258926010131835938e+01,9.427899169921875000e+01,2.986852884292602539e+00,3.035403320312500000e+03,3.951814651489257812e+01,1.751646423339843750e+01,1.909565162658691406e+01,2.153671722412109375e+02,-2.125311613082885742e+00,4.164284362792968750e+02,1.384832191467285156e+01,1.214172515869140625e+02,-5.575434207916259766e+00,2.973049926757812500e+01,-1.294443321228027344e+01,3.273783493041992188e+01,-5.379361629486083984e+00,1.550843505859375000e+02,-1.305683135986328125e+01,1.543168792724609375e+02,-6.046963334083557129e-01,2.554826736450195312e+00,1.430731868743896484e+01,5.045453643798828125e+01,6.838671207427978516e+00,9.856021881103515625e+00,1.458765029907226562e+00,6.668951511383056641e+00,1.252277088165283203e+01,3.974982452392578125e+01,-3.603912591934204102e-01,2.916486561298370361e-01,3.306761264801025391e+00,5.864745616912841797e+00,4.357500553131103516e+00,5.011271953582763672e+00,-2.076426506042480469e+00,1.705490589141845703e+00,3.990978896617889404e-01,4.563472568988800049e-01,-5.110266804695129395e-01,2.542307615280151367e+00,-2.566777229309082031e+00,2.164557456970214844e+00,-2.212606430053710938e+00,3.320194721221923828e+00,-4.331952631473541260e-01,7.078078985214233398e-01,-2.435582429170608521e-01,4.744258880615234375e+01,-5.310840904712677002e-02,9.392609596252441406e+00,-5.572429299354553223e-01,1.990009903907775879e+00,-1.617830544710159302e-01,3.943114852905273438e+01,7.867997139692306519e-02,3.078626990318298340e-01,-3.244127035140991211e-01,2.910346269607543945e+00,1.356282234191894531e-01,5.981460094451904297e+00,5.365614220499992371e-02,2.048673868179321289e+00,1.108488067984580994e-02,8.245521783828735352e-01,3.409552872180938721e-01,6.898003816604614258e-01,6.901095062494277954e-02,2.446804761886596680e+00,1.762649565935134888e-01,3.022660970687866211e+00,8.626798540353775024e-02,7.746252231299877167e-04
-4.980543823242187500e+02,2.075637817382812500e+02,1.031898193359375000e+02,2.081218872070312500e+02,9.126310729980468750e+01,1.511570129394531250e+02,9.061003112792968750e+01,1.339046020507812500e+02,6.786013793945312500e+01,4.095765686035156250e+01,4.629344940185546875e+01,5.858069610595703125e+01,3.661620330810546875e+01,1.183623695373535156e+01,1.746402740478515625e+01,5.527404785156250000e+01,-1.290477156639099121e+00,8.477173614501953125e+01,-7.075125217437744141e+00,5.256185913085937500e+01,-8.945474624633789062e+00,5.480498504638671875e+01,-1.180700111389160156e+01,1.005974006652832031e+01,-1.506599044799804688e+01,1.427499961853027344e+01,-1.735054254531860352e+00,1.054834604263305664e+00,-3.612024784088134766e+00,7.680310606956481934e-01,-3.883973598480224609e+00,4.177038967609405518e-01,-2.093501091003417969e+00,6.062046289443969727e-01,-2.384762287139892578e+00,5.843463540077209473e-02,-3.191108703613281250e+00,3.224739804863929749e-02,-1.448046922683715820e+00,6.371530704200267792e-03,-7.269782423973083496e-01,2.915383875370025635e-01,-1.582684874534606934e+00,3.860435187816619873e-01,-6.101840138435363770e-01,2.712994217872619629e-01,5.978430509567260742e-01,2.896307110786437988e-01,-8.066079020500183105e-02,5.058332905173301697e-02,-4.710167646408081055e-03,7.436831295490264893e-02,-1.840692162513732910e+00,2.907181382179260254e-01,-1.534977316856384277e+00,8.285380601882934570e-01,-1.096532940864562988e+00,9.421324729919433594e-01,-1.385576009750366211e+00,3.141794204711914062e-01,-3.622338473796844482e-01,3.277165889739990234e-01,-7.296663522720336914e-02,6.554766297340393066e-01,1.091407984495162964e-02,1.332313716411590576e-01,9.695132970809936523e-01,6.965647637844085693e-02,1.108033657073974609e+00,2.188440114259719849e-01,9.360270500183105469e-01,6.204107776284217834e-02,9.669891595840454102e-01,5.295300111174583435e-02,4.048977494239807129e-01,7.302496116608381271e-03,4.909951686859130859e-01,9.257544763386249542e-03,3.525287285447120667e-02,2.974594099214300513e-05
-2.385442810058593750e+02,2.552484375000000000e+03,7.703515625000000000e+01,3.013727050781250000e+03,4.593819427490234375e+01,8.542050781250000000e+02,4.076034545898437500e+01,5.125522460937500000e+02,2.852050018310546875e+01,7.222182617187500000e+02,2.327189636230468750e+01,2.727966918945312500e+02,2.097697257995605469e+01,1.474311065673828125e+02,5.511685371398925781e+00,2.021676330566406250e+02,-4.396109104156494141e+00,2.520782775878906250e+02,-4.594157218933105469e+00,2.094118957519531250e+02,4.666689634323120117e-01,2.662373352050781250e+01,5.498317241668701172e+00,1.030752639770507812e+02,8.097908496856689453e-01,1.963927459716796875e+02,-1.623821854591369629e+00,1.988624877929687500e+02,7.966587543487548828e-01,2.789883117675781250e+02,7.646903991699218750e-01,7.135662841796875000e+01,-1.615152120590209961e+00,3.965085601806640625e+01,1.097104549407958984e+00,4.752210998535156250e+01,8.322079181671142578e-01,2.105018615722656250e+01,-8.192929625511169434e-01,3.678545951843261719e+00,8.476886749267578125e-01,7.823433876037597656e+00,6.188067197799682617e-01,1.350664710998535156e+01,-3.251384496688842773e-01,1.506434059143066406e+01,4.884859621524810791e-01,6.752551198005676270e-01,5.261465907096862793e-02,6.933792114257812500e+00,-2.252262830734252930e-01,1.049623775482177734e+01,-6.112208962440490723e-01,3.473143768310546875e+01,-1.372542858123779297e+00,3.323730468750000000e+01,-1.169673204421997070e+00,1.476363372802734375e+01,-5.027166604995727539e-01,1.355410385131835938e+01,-8.249481916427612305e-01,9.142932891845703125e+00,-6.514255404472351074e-01,2.096778154373168945e+00,-2.336481511592864990e-01,4.333775997161865234e+00,-4.227724969387054443e-01,7.788329124450683594e+00,-3.075799345970153809e-01,6.805485248565673828e+00,-4.865589737892150879e-02,4.054040908813476562e+00,-1.836175471544265747e-01,5.294913649559020996e-01,-1.582180261611938477e-01,2.909864425659179688e+00,-8.382648229598999023e-02,5.509778976440429688e+00,8.065958321094512939e-02,1.655235770158469677e-03
-2.786397705078125000e+02,1.454916259765625000e+03,8.091156768798828125e+01,1.659897705078125000e+03,5.912628173828125000e+01,5.802486572265625000e+02,4.516720962524414062e+01,3.546976013183593750e+02,3.438308334350585938e+01,3.116838073730468750e+02,2.394661140441894531e+01,2.623143615722656250e+02,1.783757972717285156e+01,1.705294647216796875e+02,9.300131797790527344e+00,1.093567657470703125e+02,-4.580873489379882812e+00,2.519629821777343750e+02,-1.099152755737304688e+01,2.883561401367187500e+02,-7.170356273651123047e+00,1.131053466796875000e+02,-5.040962219238281250e+00,6.207630538940429688e+01,-4.927354812622070312e+00,1.502564620971679688e+01,4.122086048126220703e+00,1.125308837890625000e+02,5.592794895172119141e+00,1.265822982788085938e+02,5.132927894592285156e+00,2.708248901367187500e+01,4.717110633850097656e+00,4.396227836608886719e+00,4.245530605316162109e+00,7.784386277198791504e-01,3.650997161865234375e+00,2.258255243301391602e+00,2.987760066986083984e+00,1.901454210281372070e+00,2.190576076507568359e+00,3.115623712539672852e+00,1.345386028289794922e+00,1.912951660156250000e+01,7.732573151588439941e-01,2.471924018859863281e+01,4.809759259223937988e-01,7.899758815765380859e+00,1.637278199195861816e-01,2.512632846832275391e+00,-2.081472426652908325e-01,3.545250594615936279e-01,-1.009757161140441895e+00,3.423349761962890625e+01,-1.234509348869323730e+00,3.449879455566406250e+01,-8.847975134849548340e-01,6.981222152709960938e+00,-6.350538730621337891e-01,1.540369749069213867e+00,-4.197497069835662842e-01,1.277456521987915039e+00,-2.024905532598495483e-01,2.552645683288574219e+00,-3.354171290993690491e-02,1.171704173088073730e+00,1.818068027496337891e-01,9.672052264213562012e-01,4.230737388134002686e-01,6.943416118621826172e+00,4.472368061542510986e-01,8.506954193115234375e+00,2.681412994861602783e-01,2.784738302230834961e+00,1.620281189680099487e-01,1.573476433753967285e+00,1.582393050193786621e-01,3.612086474895477295e-01,9.949929267168045044e-02,1.766351284459233284e-03
-4.316014099121093750e+02,2.319229736328125000e+02,1.134613037109375000e+02,1.458443450927734375e+02,9.713185882568359375e+01,3.038595771789550781e+01,9.715841674804687500e+01,9.848213958740234375e+01,6.787258148193359375e+01,2.703723907470703125e+01,5.251498413085937500e+01,7.390543460845947266e+00,3.504222106933593750e+01,9.097640514373779297e-01,1.011709690093994141e+01,2.463147544860839844e+01,-6.666326045989990234e+00,1.199157943725585938e+02,-2.227635002136230469e+01,1.263369445800781250e+02,-1.124975109100341797e+01,3.818287277221679688e+01,-7.561411380767822266e+00,1.064720058441162109e+01,-2.218941307067871094e+01,6.892700958251953125e+01,4.882559299468994141e+00,7.988321036100387573e-02,4.257247447967529297e+00,3.533408418297767639e-02,1.871842384338378906e+00,8.656742982566356659e-03,3.339906454086303711e+00,2.901267446577548981e-02,2.021465539932250977e+00,3.095492487773299217e-03,-8.635126948356628418e-01,2.612273208796977997e-03,-2.812542617321014404e-01,3.818989207502454519e-04,-1.466947555541992188e+00,1.029110047966241837e-02,-3.963125944137573242e+00,2.522651292383670807e-02,-3.767154693603515625e+00,3.778278827667236328e-02,-2.356156110763549805e+00,5.414919927716255188e-03,-1.285906314849853516e+00,1.007959828712046146e-03,-2.890153646469116211e+00,1.771034300327301025e-02,-7.339105010032653809e-01,9.851007461547851562e-01,-4.486733376979827881e-01,7.476484179496765137e-01,-2.321292906999588013e-01,1.446291208267211914e-01,-4.283160865306854248e-01,4.605270326137542725e-01,-7.388901710510253906e-02,1.683204621076583862e-01,-1.333377808332443237e-01,3.081796504557132721e-02,-5.239202082157135010e-02,3.274676622822880745e-03,2.717885375022888184e-01,8.907896280288696289e-02,3.608864545822143555e-01,6.476381421089172363e-01,4.904541075229644775e-01,5.859306454658508301e-01,1.316500008106231689e-01,2.287328243255615234e-01,-1.427768636494874954e-02,6.809950619935989380e-02,3.232096135616302490e-01,3.446453511714935303e-01,5.552071705460548401e-02,3.024518809979781508e-05
-2.881311340332031250e+02,2.203340087890625000e+03,8.198235321044921875e+01,3.118792724609375000e+03,4.342185211181640625e+01,8.965960693359375000e+02,3.500360488891601562e+01,6.249815063476562500e+02,2.594505691528320312e+01,8.205667724609375000e+02,2.669771003723144531e+01,3.806652221679687500e+02,2.526417732238769531e+01,8.138576507568359375e+01,3.889682531356811523e+00,1.800998535156250000e+02,-7.447872638702392578e+00,2.408011169433593750e+02,-3.736394643783569336e+00,1.634244537353515625e+02,1.671305149793624878e-01,1.372313690185546875e+02,1.584507465362548828e+00,1.020680160522460938e+02,-2.783559083938598633e+00,2.219364624023437500e+02,3.601408481597900391e+00,1.866432189941406250e+02,6.856570243835449219e+00,1.810606079101562500e+02,6.255528450012207031e+00,4.619024276733398438e+00,4.076811313629150391e+00,1.113785552978515625e+01,5.468182563781738281e+00,9.731309890747070312e+00,4.212093353271484375e+00,4.353969097137451172e+00,1.723752617835998535e+00,1.729850292205810547e+00,2.227258443832397461e+00,2.311743736267089844e+00,1.039911627769470215e+00,1.671524810791015625e+01,-3.106150329113006592e-01,8.594196319580078125e+00,2.365810871124267578e-01,4.656799793243408203e+00,-8.953455090522766113e-01,5.021852493286132812e+00,-1.677487611770629883e+00,4.984984874725341797e+00,-1.203163981437683105e+00,6.149587631225585938e+01,-1.006348371505737305e+00,7.235777282714843750e+01,-4.142154753208160400e-01,7.550962924957275391e+00,-4.086016714572906494e-01,1.276217746734619141e+01,-1.351558119058609009e-01,5.116868972778320312e+00,-1.799297928810119629e-01,1.561964750289916992e+00,-1.381976753473281860e-01,2.023867607116699219e+00,2.387690097093582153e-01,3.035396337509155273e+00,2.483718544244766235e-01,7.276400566101074219e+00,1.611073166131973267e-01,4.127722263336181641e+00,6.888389587402343750e-02,3.820624589920043945e+00,-7.076582312583923340e-02,2.625778436660766602e+00,-6.149807944893836975e-02,3.928557634353637695e+00,7.946225255727767944e-02,1.163702341727912426e-03
-2.918191223144531250e+02,6.321721801757812500e+02,4.568839263916015625e+01,5.272404785156250000e+03,3.308712005615234375e+01,2.972801025390625000e+03,7.737978363037109375e+01,8.230482177734375000e+02,2.772303199768066406e+01,2.022565917968750000e+03,2.881113624572753906e+01,1.215851562500000000e+03,2.596167373657226562e+01,2.738938903808593750e+02,1.081043434143066406e+01,5.823934326171875000e+02,-1.771223306655883789e+00,1.748484802246093750e+02,-1.087208843231201172e+01,2.400185241699218750e+02,-1.676423263549804688e+01,2.706876220703125000e+02,-1.395168685913085938e+01,2.398277893066406250e+02,-1.011789989471435547e+01,2.479366607666015625e+02,-2.605882167816162109e+00,3.056858444213867188e+01,-1.004302024841308594e+01,3.989037704467773438e+01,-6.205796241760253906e+00,6.845426177978515625e+01,3.139160871505737305e-01,4.637439727783203125e+01,-5.389121055603027344e+00,3.993949890136718750e+01,-2.528350591659545898e+00,4.520446395874023438e+01,-4.100096523761749268e-01,1.074193668365478516e+01,-2.606438398361206055e+00,2.353709220886230469e+01,4.636112153530120850e-01,3.820497274398803711e+00,2.134787797927856445e+00,3.701886415481567383e+00,9.642316102981567383e-01,9.931059837341308594e+00,2.740295886993408203e+00,1.306849002838134766e+00,2.059358835220336914e+00,1.382795691490173340e+00,-1.277775526046752930e+00,7.354853630065917969e+00,-5.959275737404823303e-02,8.129976654052734375e+01,-2.233767509460449219e-01,7.455843353271484375e+01,-3.059697449207305908e-01,1.200840759277343750e+01,2.969197034835815430e-01,2.372023773193359375e+01,-1.094864010810852051e+00,4.829850387573242188e+01,-1.370418220758438110e-01,5.697316169738769531e+00,1.188170388340950012e-01,1.326796054840087891e+01,2.533021010458469391e-02,3.478662967681884766e+00,2.974542379379272461e-01,4.032214641571044922e+00,4.086050018668174744e-02,7.485736370086669922e+00,1.226147934794425964e-01,2.453094959259033203e+00,-5.344831198453903198e-02,3.070453405380249023e+00,7.565009593963623047e-02,6.153315771371126175e-04
-3.274290466308593750e+02,1.524747436523437500e+03,8.592985534667968750e+01,2.934679687500000000e+03,6.042655944824218750e+01,1.399659545898437500e+03,4.943216323852539062e+01,6.528098754882812500e+02,2.851333427429199219e+01,5.696113281250000000e+02,1.778141975402832031e+01,4.638291015625000000e+02,2.139291572570800781e+01,3.133499755859375000e+02,9.395909309387207031e+00,9.524822235107421875e+01,-7.098841667175292969e+00,9.790042114257812500e+01,-1.218566989898681641e+01,2.065301055908203125e+02,-1.476537418365478516e+01,1.716515502929687500e+02,-1.476369094848632812e+01,9.726809692382812500e+01,-1.217165470123291016e+01,9.964795684814453125e+01,3.369688510894775391e+00,9.985587310791015625e+01,5.254697799682617188e+00,1.827824401855468750e+02,5.592959880828857422e+00,6.319622802734375000e+01,4.782038688659667969e+00,2.824590921401977539e+00,4.093667507171630859e+00,5.365333080291748047e+00,3.742193937301635742e+00,2.178870677947998047e+00,2.305153846740722656e+00,7.105393409729003906e+00,1.210072040557861328e+00,2.133535385131835938e+00,1.557533025741577148e+00,3.771116971969604492e+00,7.804051637649536133e-01,9.487798690795898438e+00,-7.539781928062438965e-01,9.990946769714355469e+00,-7.015476226806640625e-01,5.354808330535888672e+00,-8.959898352622985840e-01,1.314966917037963867e+00,-5.860084891319274902e-01,3.949639511108398438e+01,-8.937864303588867188e-01,8.109534454345703125e+01,-7.436102628707885742e-01,3.609354019165039062e+01,-4.653559029102325439e-01,7.495536804199218750e+00,-3.838792145252227783e-01,5.744494438171386719e+00,-1.179097369313240051e-01,1.338656783103942871e+00,1.121915951371192932e-01,3.925394296646118164e+00,4.299698024988174438e-02,8.011484146118164062e-01,1.579303890466690063e-01,1.641396760940551758e+00,2.656681239604949951e-01,3.062484502792358398e+00,1.974473893642425537e-01,4.190417766571044922e+00,2.944009304046630859e-01,2.350176095962524414e+00,2.783274352550506592e-01,2.922782659530639648e+00,6.673589348793029785e-02,7.784916670061647892e-04
-3.257453308105468750e+02,1.111383178710937500e+03,2.964755058288574219e+01,4.912109863281250000e+03,4.021709060668945312e+01,1.237645629882812500e+03,5.929496765136718750e+01,4.437302551269531250e+02,3.647243261337280273e+00,2.328370361328125000e+03,3.531564331054687500e+01,2.233590698242187500e+02,1.958641052246093750e+01,1.109036636352539062e+02,-1.071674060821533203e+01,5.401505737304687500e+02,6.668922901153564453e+00,6.873684692382812500e+02,-6.397992372512817383e-01,1.321423645019531250e+02,-5.786360740661621094e+00,1.366770935058593750e+02,4.868463039398193359e+00,7.776837158203125000e+01,1.766317248344421387e+00,5.937126541137695312e+01,-3.753541946411132812e+00,1.874240112304687500e+01,1.472212195396423340e+00,2.202281799316406250e+02,-1.001955628395080566e+00,5.390271759033203125e+01,-3.623075485229492188e+00,1.036568069458007812e+01,1.555757164955139160e+00,1.003500747680664062e+02,-2.450902223587036133e+00,5.867027759552001953e+00,-9.845833182334899902e-01,5.767645359039306641e+00,-1.758232265710830688e-01,3.259841156005859375e+01,-1.546441078186035156e+00,3.433769226074218750e+01,-2.158158272504806519e-01,6.883016586303710938e+00,-7.017557024955749512e-01,4.696691989898681641e+00,-7.105989456176757812e-01,2.373856782913208008e+00,-2.481060028076171875e-01,2.701706647872924805e+00,-3.097566962242126465e-01,1.516692447662353516e+01,6.890829205513000488e-01,1.007054595947265625e+02,1.380615681409835815e-01,2.120731163024902344e+01,-2.073320150375366211e-01,3.532791614532470703e+00,8.074784874916076660e-01,4.158552551269531250e+01,-2.624883055686950684e-01,2.055663585662841797e+00,1.360389739274978638e-01,1.344967246055603027e+00,5.168025493621826172e-01,1.126884937286376953e+01,-2.309838831424713135e-01,1.646440124511718750e+01,1.693607121706008911e-01,1.523995280265808105e+00,2.732424736022949219e-01,3.979672908782958984e+00,-8.181647211313247681e-02,1.432787775993347168e+00,2.578881382942199707e-02,1.675939917564392090e+00,5.206556245684623718e-02,4.725850885733962059e-04
-2.562780151367187500e+02,3.008610595703125000e+03,1.203236465454101562e+02,2.692241455078125000e+03,6.219253921508789062e+01,5.950427856445312500e+02,3.748961257934570312e+01,6.400292358398437500e+02,3.489493942260742188e+01,5.372555541992187500e+02,2.456299400329589844e+01,1.637845764160156250e+02,9.719038963317871094e+00,3.947610092163085938e+01,-4.380111217498779297e+00,8.548409271240234375e+01,-1.945127868652343750e+01,2.383831787109375000e+02,-1.958941650390625000e+01,1.827146453857421875e+02,1.305323958396911621e+00,8.155469512939453125e+01,1.465274429321289062e+01,3.091414489746093750e+02,5.581195831298828125e+00,1.906470947265625000e+02,9.164639472961425781e+00,1.061168289184570312e+02,1.162763214111328125e+01,8.574609375000000000e+01,9.511203765869140625e+00,3.063766717910766602e+00,8.516121864318847656e+00,6.321819782257080078e+00,7.181573390960693359e+00,1.329811215400695801e+00,4.281208992004394531e+00,4.451034367084503174e-01,1.351037144660949707e+00,7.733008265495300293e-01,-4.104659855365753174e-01,3.183153390884399414e+00,-1.569487929344177246e+00,1.066985416412353516e+01,-2.308583498001098633e+00,6.843554019927978516e+00,-2.465117692947387695e+00,1.632469534873962402e+00,-2.730880737304687500e+00,1.138199329376220703e+01,-3.102786779403686523e+00,2.551883459091186523e+00,-6.544548511505126953e+00,4.283765792846679688e+01,-5.755883693695068359e+00,3.576039505004882812e+01,-1.297617703676223755e-01,2.624750375747680664e+00,1.450686812400817871e+00,5.992172241210937500e+00,4.069350957870483398e-01,7.461894512176513672e+00,1.540699005126953125e-01,2.096139192581176758e+00,4.868327081203460693e-01,2.505423724651336670e-01,1.024393200874328613e+00,1.397672653198242188e+00,2.026170253753662109e+00,3.860450744628906250e+00,1.653442978858947754e+00,2.491017103195190430e+00,-8.002533316612243652e-01,5.658725500106811523e-01,-2.166095018386840820e+00,4.090869903564453125e+00,-9.184241890907287598e-01,3.125448465347290039e+00,8.337114006280899048e-02,5.624154000543057919e-04
-3.084160766601562500e+02,1.957389068603515625e+02,1.193196182250976562e+02,8.982161865234375000e+02,1.022090148925781250e+02,2.593263549804687500e+02,8.070164489746093750e+01,2.166700935363769531e+01,4.584283447265625000e+01,2.255137939453125000e+02,3.061075782775878906e+01,1.691362762451171875e+02,1.544079875946044922e+01,1.295000762939453125e+02,-5.237197875976562500e-01,4.269354248046875000e+01,-4.235120296478271484e+00,6.503697204589843750e+01,-1.302181529998779297e+01,5.198934173583984375e+01,-2.067097282409667969e+01,3.110595703125000000e+01,-1.884920120239257812e+01,1.289752655029296875e+02,-1.815333175659179688e+01,5.005895996093750000e+01,4.299284815788269043e-01,3.113204479217529297e+00,-5.720761299133300781e+00,1.381052970886230469e+01,-3.809747695922851562e+00,3.683542728424072266e+00,-4.496350884437561035e-01,2.263546437025070190e-01,-5.994385719299316406e+00,3.584523499011993408e-01,-1.381022572517395020e+00,2.446624279022216797e+00,-3.582825064659118652e-01,2.237986326217651367e+00,-2.591757297515869141e+00,1.603774577379226685e-01,1.807078599929809570e+00,9.794895052909851074e-01,1.690188646316528320e+00,5.448625683784484863e-01,6.304663419723510742e-01,1.762105524539947510e-01,3.268597126007080078e+00,1.300164461135864258e+00,2.135984420776367188e+00,4.247420430183410645e-01,-2.013837099075317383e+00,7.264111042022705078e-01,-4.116870403289794922e+00,4.227668285369873047e+00,-2.099020242691040039e+00,1.489893674850463867e+00,5.408010482788085938e-01,1.031917333602905273e-01,8.496749401092529297e-02,2.696532487869262695e+00,1.760139465332031250e+00,8.630391955375671387e-01,1.671734571456909180e+00,5.530802011489868164e-01,3.421796262264251709e-01,4.691625237464904785e-01,1.082118511199951172e+00,4.378864169120788574e-01,8.152258992195129395e-01,4.086577296257019043e-01,4.900662302970886230e-01,1.431391686201095581e-01,1.233992576599121094e+00,1.103323698043823242e+00,6.976653337478637695e-01,4.673189520835876465e-01,9.189540147781372070e-02,1.315272820647805929e-04
-2.910756225585937500e+02,4.788836059570312500e+02,3.454614257812500000e+01,6.580971191406250000e+03,3.986193847656250000e+01,8.162885742187500000e+02,8.251469421386718750e+01,1.407873077392578125e+02,1.793024444580078125e+01,6.168103515625000000e+03,3.535958099365234375e+01,1.823377532958984375e+02,5.381721496582031250e+00,4.005414733886718750e+02,-1.219771575927734375e+01,5.791465454101562500e+02,8.747234344482421875e+00,3.141245727539062500e+02,-1.763430023193359375e+01,2.883809509277343750e+02,-2.562312698364257812e+01,1.489786682128906250e+02,-6.425960540771484375e+00,2.342388000488281250e+02,-1.154063606262207031e+01,1.803157348632812500e+02,-5.114095807075500488e-01,3.703039550781250000e+01,1.596417236328125000e+01,1.592100372314453125e+02,6.349375724792480469e+00,3.966625690460205078e+00,6.239742040634155273e-01,1.309534454345703125e+01,1.470266532897949219e+01,1.547498474121093750e+02,-1.300056934356689453e+00,1.070585441589355469e+01,1.412949085235595703e+00,1.156088256835937500e+01,4.966127872467041016e+00,1.100787734985351562e+01,-2.305262088775634766e+00,1.147332572937011719e+01,-9.210129976272583008e-01,1.754593467712402344e+01,2.386355400085449219e-02,1.434564685821533203e+01,-2.447525024414062500e+00,7.223363399505615234e+00,-2.309914112091064453e+00,7.338407039642333984e+00,-1.277949213981628418e+00,1.236209678649902344e+01,-8.148359060287475586e-01,9.039971160888671875e+01,3.350925445556640625e-01,5.706611156463623047e+00,-8.090500831604003906e-01,2.243947505950927734e+00,-9.526127576828002930e-01,9.289070129394531250e+01,4.761407971382141113e-01,4.585241794586181641e+00,5.874627232551574707e-01,1.133639526367187500e+01,3.594931364059448242e-01,6.454737663269042969e+00,1.803345382213592529e-01,6.706274986267089844e+00,8.020893335342407227e-01,7.723829746246337891e+00,7.481088638305664062e-01,3.094409465789794922e+00,2.092785537242889404e-01,4.461163520812988281e+00,4.588425159454345703e-01,2.470417737960815430e+00,8.815591037273406982e-02,7.418652530759572983e-04
-2.975185852050781250e+02,8.781290893554687500e+02,8.148411560058593750e+01,1.184150512695312500e+03,6.616697692871093750e+01,6.272457885742187500e+02,5.588595581054687500e+01,4.331467895507812500e+02,4.468580627441406250e+01,2.609995117187500000e+02,2.923767662048339844e+01,1.337415771484375000e+02,1.544778633117675781e+01,1.212228775024414062e+02,3.927253246307373047e+00,1.375968017578125000e+02,-5.479143619537353516e+00,1.897850494384765625e+02,-6.478835582733154297e+00,8.401808929443359375e+01,-1.332091569900512695e+00,5.490051269531250000e+01,-1.081032991409301758e+00,7.163640594482421875e+01,-4.081813335418701172e+00,4.310033798217773438e+01,-1.352481842041015625e+00,5.284937667846679688e+01,-1.881521940231323242e+00,7.462687683105468750e+01,-1.768768548965454102e+00,4.001646804809570312e+01,-1.548577666282653809e+00,2.577391433715820312e+01,-1.234581828117370605e+00,1.438185501098632812e+01,-8.786807060241699219e-01,6.078411579132080078e+00,-5.371186733245849609e-01,4.333199024200439453e+00,-2.416020482778549194e-01,4.075661182403564453e+00,1.015950459986925125e-02,6.747794628143310547e+00,2.323293238878250122e-01,3.678894758224487305e+00,4.123902618885040283e-01,2.240239858627319336e+00,5.121370553970336914e-01,1.673730969429016113e+00,5.154140591621398926e-01,8.774006366729736328e-01,-5.338267087936401367e-01,8.298302650451660156e+00,-7.070112228393554688e-01,1.052434062957763672e+01,-5.908014178276062012e-01,6.634706497192382812e+00,-4.569573104381561279e-01,4.192771434783935547e+00,-3.301357924938201904e-01,2.817403793334960938e+00,-2.040158063173294067e-01,3.548918485641479492e+00,-6.907000392675399780e-02,4.017462253570556641e+00,6.356057524681091309e-02,3.608549833297729492e+00,1.582621932029724121e-01,3.737787723541259766e+00,1.816124022006988525e-01,1.586162924766540527e+00,1.414028108119964600e-01,1.474257111549377441e+00,8.378762006759643555e-02,1.267183184623718262e+00,4.350984469056129456e-02,3.583953082561492920e-01,7.763700932264328003e-02,1.096952822990715504e-03
-3.207056884765625000e+02,1.182657104492187500e+03,7.154232025146484375e+01,1.672709960937500000e+03,5.824182128906250000e+01,9.973118896484375000e+02,5.043764114379882812e+01,7.417232666015625000e+02,3.950334930419921875e+01,4.387709350585937500e+02,2.456835746765136719e+01,2.115055236816406250e+02,1.380322265625000000e+01,1.241618804931640625e+02,5.466034889221191406e+00,7.522972869873046875e+01,-3.039081096649169922e+00,1.148709564208984375e+02,-4.940346717834472656e+00,8.357067108154296875e+01,1.033939868211746216e-01,8.207419586181640625e+01,1.182965517044067383e+00,8.503180694580078125e+01,-2.357369422912597656e+00,2.853661537170410156e+01,-1.327602148056030273e+00,6.741450500488281250e+01,-1.817386865615844727e+00,9.738847351074218750e+01,-1.677173972129821777e+00,5.896059417724609375e+01,-1.511436223983764648e+00,4.254513549804687500e+01,-1.320889472961425781e+00,2.405450820922851562e+01,-1.097992777824401855e+00,1.072957420349121094e+01,-8.678901791572570801e-01,5.068287849426269531e+00,-6.543912291526794434e-01,1.408420205116271973e+00,-4.723497331142425537e-01,3.543046236038208008e+00,-3.500056564807891846e-01,3.825752735137939453e+00,-2.923644483089447021e-01,4.005996704101562500e+00,-2.529976963996887207e-01,4.119561672210693359e+00,-2.014617621898651123e-01,1.653447508811950684e+00,-4.016818106174468994e-01,7.381580352783203125e+00,-5.319347381591796875e-01,1.179206562042236328e+01,-4.505560398101806641e-01,1.124637413024902344e+01,-3.607694208621978760e-01,8.391816139221191406e+00,-2.629539072513580322e-01,5.989891529083251953e+00,-1.506811231374740601e-01,5.655449867248535156e+00,-3.861979767680168152e-02,3.648043870925903320e+00,5.866919830441474915e-02,1.400436162948608398e+00,1.316050589084625244e-01,1.356168985366821289e+00,1.620073020458221436e-01,1.157123923301696777e+00,1.482664197683334351e-01,2.949412107467651367e+00,1.234067529439926147e-01,3.486717700958251953e+00,1.091479882597923279e-01,9.287680387496948242e-01,6.198475509881973267e-02,1.417123014107346535e-03
